<Meta>,<Event>,<Severity>,<Privacy>,<Subject>,<Owner>,<Object>,<Object>,<Object>,<Operation>,<Operation>,<Operation>,<Operation>,<Operation>,<Operation>,<Operation>,<Operation>,<Client>
<EnKey>,EventName,Severity,<NA>,Subject,<NA>,ObjectID,ObjectName,ObjectType,ExecuteDate/ExecuteTime,ResultDetail,Option1,Option2,Option3,Option4,Option5,Option6,ClientName
<JaKey>,EventName,Severity,<NA>,Subject,<NA>,ObjectID,ObjectName,ObjectType,ExecuteDate/ExecuteTime,ResultDetail,Option1,Option2,Option3,Option4,Option5,Option6,ClientName
<OutputType>,string,string,<NA>,string,<NA>,string,string,string,datetime,string,string,string,string,string,string,string,string
<DataType>,string,Severity,bool,string,string,string,string,string,AUDTIME,string,string,string,string,string,string,string,string
<Def>,User.Authentication.Required,Warning,TRUE,,,,,,,,"<unclassified>
指示された認証方式","<unclassified>
指示された認証先","<unclassified>
指示された認証方法","<unclassified>
要求元の通信プロトコル（Local, http、SNMPなど)","<privacy>
通信元を識別する情報(IPアドレスなど、Localの場合""""(空文字))",,"jp.co.fujixerox.spicule.facility.authenticationcomp.AuthenticationFacilityComponent
jp.co.fujixerox.spider.util.nilcomp.NonInteractiveLoginUtilityComponent"
<Def>,User.Authentication.Required.Success,Notice,TRUE,"<PRIVACY>
発行された認証チケット","<internal>
Loginした人
（取得できない場合は空文字）","<privacy>
ユーザー管理番号
（取得できない場合は空文字）","<privacy>
ユーザ名
（表示用の名称)
（取得できない場合は空文字）","<unclassified>
ユーザが所属するクラス
（取得できない場合は空文字）",,,"<UNCLASSIFIED>
指示された認証方式","<UNCLASSIFIED>
指示された認証先","<UNCLASSIFIED>
指示された認証方法","<unclassified>
要求元の通信プロトコル（Local, http、SNMPなど)","<privacy>
通信元を識別する情報(IPアドレスなど、Localの場合""""(空文字))",,"jp.co.fujixerox.spicule.facility.authenticationcomp.AuthenticationFacilityComponent
jp.co.fujixerox.spider.util.nilcomp.NonInteractiveLoginUtilityComponent"
<Def>,User.Authentication.Required.Failure,Critical,TRUE,,,,,,,"<PRIVACY>
失敗理由","<unclassified>
指示された認証方式","<unclassified>
指示された認証先","<unclassified>
指示された認証方法","<unclassified>
要求元の通信プロトコル（Local, http、SNMPなど)","<privacy>
通信元を識別する情報(IPアドレスなど、Localの場合""""(空文字))",,"jp.co.fujixerox.spicule.facility.authenticationcomp.AuthenticationFacilityComponent
jp.co.fujixerox.spider.util.nilcomp.NonInteractiveLoginUtilityComponent"
<Def>,User.Authentication.Success,Notice,TRUE,"<PRIVACY>
発行された認証チケット","<INTERNAL>
Loginした人","<PRIVACY>
ユーザー管理番号","<privacy>
ユーザ名
（表示用の名称)","<UNCLASSIFIED>
ユーザが所属するクラス",,,"<UNCLASSIFIED>
指示された認証方式","<UNCLASSIFIED>
指示された認証先","<UNCLASSIFIED>
指示された認証方法",,,,jp.co.fujixerox.spider.runtime.pauthcomp.PrincipalAuthorityComponent
<Def>,User.Authentication.InvalidPassword,Critical,TRUE,,"<INTERNAL>
Loginしようとした人","<PRIVACY>
ユーザー管理番号","<privacy>
ユーザ名
（表示用の名称)
(認証先によっては認証失敗時にユーザ名を取得できない場合があり、その場合は空文字)","<UNCLASSIFIED>
ユーザが所属するクラス",,,"<UNCLASSIFIED>
指示された認証方式","<UNCLASSIFIED>
指示された認証先","<UNCLASSIFIED>
指示された認証方法",,,,jp.co.fujixerox.spider.runtime.pauthcomp.PrincipalAuthorityComponent
<Def>,User.Authentication.InvalidUser,Critical,TRUE,,,,,,,"<PRIVACY>
失敗理由","<unclassified>
指示された認証方式","<unclassified>
指示された認証先","<unclassified>
指示された認証方法","<privacy>
インプットされた識別情報（ユーザIDなど）",,,jp.co.fujixerox.spider.runtime.pauthcomp.PrincipalAuthorityComponent
<Def>,User.AssociateAuthentication.Required,Warning,TRUE,,,,,,,,"<unclassified>
指示された認証方式","<unclassified>
指示された認証先","<unclassified>
指示された認証方法","<unclassified>
要求元の通信プロトコル（Local, http、SNMPなど)","<privacy>
通信元を識別する情報(IPアドレスなど、Localの場合""""(空文字))",,jp.co.fujixerox.spicule.facility.authenticationcomp.AuthenticationFacilityComponent
<Def>,User.AssociateAuthentication.Required.Success,Notice,TRUE,"<PRIVACY>
発行された認証チケット","<internal>
Loginした人
（取得できない場合は空文字）","<unclassified>
ユーザー管理番号
（取得できない場合は空文字）","<privacy>
ユーザ名
（表示用の名称)
（取得できない場合は空文字）","<unclassified>
ユーザが所属するクラス
（取得できない場合は空文字）",,,"<UNCLASSIFIED>
指示された認証方式","<UNCLASSIFIED>
指示された認証先","<UNCLASSIFIED>
指示された認証方法","<unclassified>
要求元の通信プロトコル（Local, http、SNMPなど)","<privacy>
通信元を識別する情報(IPアドレスなど、Localの場合""""(空文字))",,"jp.co.fujixerox.spicule.facility.authenticationcomp.AuthenticationFacilityComponent
jp.co.fujixerox.spider.util.nilcomp.NonInteractiveLoginUtilityComponent"
<Def>,User.AssociateAuthentication.Required.Failure,Critical,TRUE,,,,,,,"<PRIVACY>
失敗理由","<unclassified>
指示された認証方式","<unclassified>
指示された認証先","<unclassified>
指示された認証方法","<unclassified>
要求元の通信プロトコル（Local, http、SNMPなど)","<privacy>
通信元を識別する情報(IPアドレスなど、Localの場合""""(空文字))",,"jp.co.fujixerox.spicule.facility.authenticationcomp.AuthenticationFacilityComponent
jp.co.fujixerox.spider.util.nilcomp.NonInteractiveLoginUtilityComponent"
<Def>,User.AssociateAuthentication.Success,Notice,TRUE,"<PRIVACY>
発行された認証チケット","<INTERNAL>
Loginした人","<PRIVACY>
ユーザー管理番号","<privacy>
ユーザ名
（表示用の名称)
(認証先によってはユーザ名を取得できない場合があり、その場合は空文字)","<UNCLASSIFIED>
ユーザが所属するクラス",,,"<UNCLASSIFIED>
指示された認証方式","<UNCLASSIFIED>
指示された認証先","<UNCLASSIFIED>
指示された認証方法",,,,jp.co.fujixerox.spider.runtime.pauthcomp.PrincipalAuthorityComponent
<Def>,User.AssociateAuthentication.InvalidPassword,Critical,TRUE,,"<INTERNAL>
Loginしようとした人","<PRIVACY>
ユーザー管理番号","<privacy>
ユーザ名
（表示用の名称)
(認証先によっては認証失敗時にユーザ名を取得できない場合があり、その場合は空文字)","<UNCLASSIFIED>
ユーザが所属するクラス",,,"<UNCLASSIFIED>
指示された認証方式","<UNCLASSIFIED>
指示された認証先","<UNCLASSIFIED>
指示された認証方法",,,,jp.co.fujixerox.spider.runtime.pauthcomp.PrincipalAuthorityComponent
<Def>,User.AssociateAuthentication.InvalidUser,Critical,TRUE,,,,,,,"<PRIVACY>
失敗理由","<unclassified>
指示された認証方式","<unclassified>
指示された認証先","<unclassified>
指示された認証方法","<privacy>
インプットされた識別情報（ユーザIDなど）",,,jp.co.fujixerox.spider.runtime.pauthcomp.PrincipalAuthorityComponent
<Def>,NonRegistrationUser.Identification.Success,Notice,TRUE,"<PRIVACY>
発行された仮認証チケッ",,,,,,,"<UNCLASSIFIED>
指示された認証方式","<UNCLASSIFIED>
指示された認証先","<UNCLASSIFIED>
指示された認証方法",,,,jp.co.fujixerox.spider.runtime.pauthcomp.PrincipalAuthorityComponent
<Def>,NonRegistrationUser.Identification.InvalidPassword,Critical,"FALSE
",,,,,,,,"<UNCLASSIFIED>
指示された認証方式","<UNCLASSIFIED>
指示された認証先","<UNCLASSIFIED>
指示された認証方法",,,,jp.co.fujixerox.spider.runtime.pauthcomp.PrincipalAuthorityComponent
<Def>,NonRegistrationUser.Authentication.Success,Notice,TRUE,"<PRIVACY>
発行された認証チケット","<INTERNAL>
Loginした人","<PRIVACY>
ユーザー管理番号","<privacy>
ユーザ名
（表示用の名称)
(認証先によってはユーザ名を取得できない場合があり、その場合は空文字)","<UNCLASSIFIED>
ユーザが所属するクラス","<UNCLASSIFIED>
認証成功時間",,"<PRIVACY>
認証チケット発行に利用した仮認証チケット",,,,,,jp.co.fujixerox.spider.runtime.pauthcomp.PrincipalAuthorityComponent
<Def>,User.Logout.Success,Notice,TRUE,"<PRIVACY>
Logoutしたコンテキストに対応する認証チケット","<INTERNAL>
Logoutした人。",,,,,,,,,,,,jp.co.fujixerox.spider.runtime.pauthcomp.PrincipalAuthorityComponent
<Def>,User.Logout.Failure,Notice,TRUE,"<privacy>
Logoutしたコンテキストに対応する認証チケット","<internal>
Logoutした人
（認証チケット不正などにより、特定できない場合には空文字列)",,,,,,,,,,,,jp.co.fujixerox.spider.runtime.pauthcomp.PrincipalAuthorityComponent
<Def>,User.Logout.Auto.Success,Notice,TRUE,"<PRIVACY>
Logoutしたコンテキストに対応する認証チケット","<INTERNAL>
Logoutされた人",,,,,,,,,,,,jp.co.fujixerox.spicule.facility.authenticationcomp.AuthenticationFacilityComponent
<Def>,User.InvalidateAuthTicket.Success,Notice,TRUE,"<PRIVACY>
無効となった認証チケット","<INTERNAL>
認証チケットが無効になった人",,,,,,,,,,,,jp.co.fujixerox.spider.runtime.pauthcomp.PrincipalAuthorityComponent
<Def>,User.InvalidatePartialTicket.Success,Notice,TRUE,"<PRIVACY>
無効となった仮認証チケット",,,,,,,,,,,,,jp.co.fujixerox.spider.runtime.pauthcomp.PrincipalAuthorityComponent
<Def>,User.InvalidatePartialTicket.Failure,Notice,TRUE,"<PRIVACY>
無効にしようとした仮認証チケット",,,,,,,,,,,,,jp.co.fujixerox.spider.runtime.pauthcomp.PrincipalAuthorityComponent
<Def>,AuthenticateDomain.Add.Success,Notice,TRUE,<PRIVACY>,,"<UNCLASSIFIED>
追加された認証先",,,,,"<UNCLASSIFIED>
認証先が追加された認証プロトコル",,,,,,jp.co.fujixerox.spider.runtime.pauthcomp.PrincipalAuthorityComponent
<Def>,AuthenticateDomain.Add.Failure,Warning,TRUE,<privacy>,,"<UNCLASSIFIED>
追加要求された認証先",,,,"<UNCLASSIFIED>
失敗理由","<UNCLASSIFIED>
認証先が追加要求された認証プロトコル",,,,,,jp.co.fujixerox.spider.runtime.pauthcomp.PrincipalAuthorityComponent
<Def>,AuthenticateDomain.Delete.Accept,Notice,TRUE,<PRIVACY>,,"<UNCLASSIFIED>
削除要求された認証先",,,,,"<UNCLASSIFIED>
認証先が削除要求された認証プロトコル",,,,,,jp.co.fujixerox.spider.runtime.pauthcomp.PrincipalAuthorityComponent
<Def>,AuthenticateDomain.Delete.Reject,Warning,TRUE,<privacy>,,"<UNCLASSIFIED>
削除要求を拒否された認証先",,,,"<UNCLASSIFIED>
失敗理由","<UNCLASSIFIED>
認証先が削除要求された認証プロトコル",,,,,,jp.co.fujixerox.spider.runtime.pauthcomp.PrincipalAuthorityComponent
<Def>,AuthenticateDomain.Delete.Success,Notice,FALSE,,,"<UNCLASSIFIED>
削除された認証先",,,,,"<UNCLASSIFIED>
認証先が削除された認証プロトコル",,,,,,jp.co.fujixerox.spider.runtime.pauthcomp.PrincipalAuthorityComponent
<Def>,User.Add.Success,Notice,TRUE,<PRIVACY>,"<INTERNAL>
追加されたユーザ","<PRIVACY>
ユーザー管理番号","<privacy>
ユーザ名
（表示用の名称)
(特定できない場合は空文字列)","<UNCLASSIFIED>
ユーザが所属するクラス","<UNCLASSIFIED>
追加時間",,"<UNCLASSIFIED>
認証方式","<unclassified>
認証先
(認証方式がLocalの場合は空文字)",,,,,jp.co.fujixerox.spider.runtime.pauthcomp.PrincipalAuthorityComponent
<Def>,User.Add.Failure,Warning,TRUE,<privacy>,"
","
",,"<unclassified>
ユーザが所属するクラス
(特定できない場合には空文字列)",,"<UNCLASSIFIED>
失敗理由","<unclassified>
認証方式
(特定できない場合は空文字列)","<unclassified>
認証先
(特定できない場合は空文字列)
(認証方式がLocalの場合は空文字)",,,,,jp.co.fujixerox.spider.runtime.pauthcomp.PrincipalAuthorityComponent
<Def>,User.Attach.Success,Notice,TRUE,<PRIVACY>,"<INTERNAL>
関連付けされたユーザ","<PRIVACY>
ユーザー管理番号","<privacy>
ユーザ名
（表示用の名称)
(特定できない場合は空文字列)","<UNCLASSIFIED>
ユーザが所属するクラス","<UNCLASSIFIED>
関連付け時間",,"<UNCLASSIFIED>
認証方式","<unclassified>
認証先
(認証方式がLocalの場合は空文字)",,,,,jp.co.fujixerox.spider.runtime.pauthcomp.PrincipalAuthorityComponent
<Def>,User.Attach.Failure,Warning,TRUE,<privacy>,"<INTERNAL>
関連付けに失敗したユーザ","<PRIVACY>
ユーザー管理番号
(ユーザー管理番号が不正な場合でも、不正だったユーザー管理番号を記録する。)",,"<unclassified>
ユーザが所属するクラス。
(特定できない場合には空文字列)",,"<UNCLASSIFIED>
失敗理由","<unclassified>
認証方式
(特定できない場合は空文字列)","<unclassified>
認証先
(特定できない場合は空文字列)
(認証方式がLocalの場合は空文字)",,,,,jp.co.fujixerox.spider.runtime.pauthcomp.PrincipalAuthorityComponent
<Def>,User.Delete.Accept,Notice,TRUE,<PRIVACY>,"<INTERNAL>
削除要求されたユーザ","<PRIVACY>
ユーザー管理番号","<privacy>
ユーザ名
（表示用の名称)
(特定できない場合は空文字列)","<UNCLASSIFIED>
削除要求されたユーザのユーザクラス",,,,,,,,,jp.co.fujixerox.spider.runtime.pauthcomp.PrincipalAuthorityComponent
<Def>,User.Delete.Reject,Warning,TRUE,<privacy>,"<internal>
削除要求されたユーザ
(存在しない場合は空文字列)","<PRIVACY>
ユーザー管理番号
(ユーザー管理番号が不正な場合でも、不正だったユーザー管理番号を記録する。)",,"<unclassified>
削除要求されたユーザのユーザクラス
(存在しない場合は空文字列)",,"<UNCLASSIFIED>
失敗理由",,,,,,,jp.co.fujixerox.spider.runtime.pauthcomp.PrincipalAuthorityComponent
<Def>,User.Delete.Success,Notice,TRUE,<PRIVACY>,"<INTERNAL>
削除されたユーザ","<PRIVACY>
ユーザー管理番号",,,,,,,,,,,jp.co.fujixerox.spider.runtime.pauthcomp.PrincipalAuthorityComponent
<Def>,User.Detach.Accept,Notice,TRUE,<PRIVACY>,"<INTERNAL>
関連付け解除要求されたユーザのユーザ管理番号","<PRIVACY>
関連付け解除要求されたユーザのユーザ管理番号","<privacy>
ユーザ名
（表示用の名称)
(特定できない場合には空文字列を表示)","<UNCLASSIFIED>
関連付け解除要求されたユーザのユーザクラス","<UNCLASSIFIED>
関連付け解除要求受付時間",,"<UNCLASSIFIED>
関連付け解除要求されたユーザの認証方式","<unclassified>
関連付け解除要求されたユーザの認証先
(認証方式がLocalの場合は空文字)",,,,,jp.co.fujixerox.spider.runtime.pauthcomp.PrincipalAuthorityComponent
<Def>,User.Detach.Reject,Warning,TRUE,<privacy>,"<internal>
関連付け解除しようとしたユーザのユーザ管理番号
（特定できない場合には空文字列)","<PRIVACY>
関連付け解除しようとしたユーザのユーザ管理番号
(ユーザー管理番号が不正な場合でも、不正だったユーザー管理番号を記録する。)",,"<unclassified>
関連付け解除しようとしたユーザのユーザクラス
(特定できない場合は空文字列)",,"<UNCLASSIFIED>
失敗理由","<unclassified>
関連付け解除しようとしたユーザの認証方式
(特定できない場合は空文字列)","<unclassified>
関連付け解除しようとしたユーザの認証先
(特定できない場合は空文字列)
(認証方式がLocalの場合は空文字)",,,,,jp.co.fujixerox.spider.runtime.pauthcomp.PrincipalAuthorityComponent
<Def>,User.Detach.Success,Notice,TRUE,<PRIVACY>,"<INTERNAL>
関連付け解除されたユーザのユーザ管理番号","<PRIVACY>
関連付け解除されたユーザのユーザ管理番号","<privacy>
ユーザ名
（表示用の名称)
(特定できない場合には空文字列を表示)","<UNCLASSIFIED>
ユーザが所属するクラス","<UNCLASSIFIED>
ユーザーの関連付け解除要求受付と同じ時間",,"<UNCLASSIFIED>
認証方式","<unclassified>
認証先
(認証方式がLocalの場合は空文字)",,,,,jp.co.fujixerox.spider.runtime.pauthcomp.PrincipalAuthorityComponent
<Def>,User.Enable.Success,Warning,TRUE,<PRIVACY>,"<INTERNAL>
有効になったユーザ","<PRIVACY>
ユーザー管理番号","<privacy>
ユーザ名
（表示用の名称)
(特定できない場合には空文字列を出力)","<UNCLASSIFIED>
ユーザが所属するクラス",,,,,,,,,jp.co.fujixerox.spider.runtime.pauthcomp.PrincipalAuthorityComponent
<Def>,User.Enable.Failure,Warning,TRUE,<privacy>,"<internal>
有効化に失敗したユーザ
(特定できない場合には空文字列を出力)","<PRIVACY>
ユーザー管理番号
(ユーザー管理番号が不正な場合でも、不正だったユーザー管理番号を記録する。)",,"<unclassified>
ユーザが所属するクラス
(特定できない場合に空文字列)",,"<UNCLASSIFIED>
失敗理由",,,,,,,jp.co.fujixerox.spider.runtime.pauthcomp.PrincipalAuthorityComponent
<Def>,User.Disable.Success,Warning,TRUE,<PRIVACY>,"<INTERNAL>
無効になったユーザ","<PRIVACY>
ユーザー管理番号","<privacy>
ユーザ名
（表示用の名称)
(特定できない場合には空文字列を出力)","<UNCLASSIFIED>
ユーザが所属するクラス",,,,,,,,,jp.co.fujixerox.spider.runtime.pauthcomp.PrincipalAuthorityComponent
<Def>,User.Disable.Failure,Warning,TRUE,<privacy>,"<internal>
無効化に失敗したユーザ
(特定できない場合には空文字列を出力)","<PRIVACY>
ユーザー管理番号
(ユーザー管理番号が不正な場合でも、不正だったユーザー管理番号を記録する。)",,"<unclassified>
ユーザが所属するクラス
(特定できない場合は空文字列)",,"<UNCLASSIFIED>
失敗理由",,,,,,,jp.co.fujixerox.spider.runtime.pauthcomp.PrincipalAuthorityComponent
<Def>,User.PasswordChange.Success,Warning,TRUE,<PRIVACY>,"<INTERNAL>
パスワードが変更されたユーザ","<PRIVACY>
ユーザー管理番号","<privacy>
ユーザ名
（表示用の名称)
(特定できない場合には空文字列を表示)","<UNCLASSIFIED>
ユーザが所属するクラス",,,"<UNCLASSIFIED>
認証方式","<unclassified>
認証先
(認証方式がLocalの場合は空文字)",,,,,jp.co.fujixerox.spider.runtime.pauthcomp.PrincipalAuthorityComponent
<Def>,User.PasswordChange.Failure,Warning,TRUE,<privacy>,"<internal>
パスワードが変更されそうになったユーザ
(存在しない場合は空文字列)","<PRIVACY>
ユーザー管理番号
(ユーザー管理番号が不正な場合でも、不正だったユーザー管理番号を記録する。)",,"<unclassified>
ユーザが所属するクラス
(特定できない場合は空文字列)",,"<PRIVACY>
InvalidPassword or AuthenticationFailure","<unclassified>
認証方式
(特定できない場合は空文字列)","<unclassified>
認証先
(特定できない場合は空文字列)
(認証方式がLocalの場合は空文字)",,,,,jp.co.fujixerox.spider.runtime.pauthcomp.PrincipalAuthorityComponent
<Def>,User.PassphraseChange.Success,Warning,TRUE,<PRIVACY>,"<INTERNAL>
パスワードが変更されたユーザ","<PRIVACY>
ユーザー管理番号","<privacy>
ユーザ名
（表示用の名称)
(特定できない場合には空文字列を表示)","<UNCLASSIFIED>
ユーザが所属するクラス",,,,,,,,,jp.co.fujixerox.spider.runtime.pauthcomp.PrincipalAuthorityComponent
<Def>,User.PassphraseChange.Failure,Warning,TRUE,<privacy>,"<internal>
パスワードが変更されそうになったユーザ
(存在しない場合は空文字列)","<PRIVACY>
ユーザー管理番号
(ユーザー管理番号が不正な場合でも、不正だったユーザー管理番号を記録する。)",,"<unclassified>
ユーザが所属するクラス
(特定できない場合に空文字列)",,"<PRIVACY>
InvalidPassword or AuthenticationFailure",,,,,,,jp.co.fujixerox.spider.runtime.pauthcomp.PrincipalAuthorityComponent
<Def>,User.DisplayNameChange.Success,Warning,TRUE,<PRIVACY>,"<INTERNAL>
基本属性が変更されたユーザ","<PRIVACY>
ユーザー管理番号","<privacy>
ユーザ名
（表示用の名称)
(特定できない場合には空文字列を表示)","<UNCLASSIFIED>
ユーザが所属するクラス",,,"<UNCLASSIFIED>
認証方式","<unclassified>
認証先
(認証方式がLocalの場合は空文字)","<PRIVACY>
変更後のユーザ名
（表示用の名称)",,,,jp.co.fujixerox.spider.runtime.pauthcomp.PrincipalAuthorityComponent
<Def>,User.DisplayNameChange.Failure,Warning,TRUE,<privacy>,"<internal>
基本属性が変更されそうになったユーザ
(存在しない場合は空文字列)","<PRIVACY>
ユーザー管理番号
(ユーザー管理番号が不正な場合でも、不正だったユーザー管理番号を記録する。)",,"<unclassified>
ユーザが所属するクラス
(特定できない場合は空文字列)",,"<UNCLASSIFIED>
失敗理由","<unclassified>
認証方式
(特定できない場合は空文字列)","<unclassified>
認証先
(特定できない場合は空文字列)
(認証方式がLocalの場合は空文字)","<PRIVACY>
変更要求されたのユーザ名
（表示用の名称)",,,,jp.co.fujixerox.spider.runtime.pauthcomp.PrincipalAuthorityComponent
<Def>,User.AttributeChange.Start,Warning,TRUE,<privacy>,"<internal>
属性の変更要求が行われたユーザのユーザ管理番号
(存在しない場合は空文字列)","<PRIVACY>
属性の変更要求が行われたユーザのユーザ管理番号","<privacy>
属性の変更要求が行われたユーザのユーザ名（表示用の名称）
(特定できない場合には空文字列を表示)","<unclassified>
属性の変更要求が行われたユーザのユーザクラス
(特定できない場合は空文字列)","<UNCLASSIFIED>
変更開始時間",,"<unclassified>
属性の変更要求が行われたユーザの認証方式
(特定できない場合に空文字列)","<unclassified>
属性の変更要求が行われたユーザの認証先
(特定できない場合は空文字列)
(認証方式がLocalの場合は空文字)",,,,,jp.co.fujixerox.spider.runtime.pauthcomp.PrincipalAuthorityComponent
<Def>,User.AttributeChange.Success,Warning,TRUE,<PRIVACY>,"<INTERNAL>
属性の変更要求が行われたユーザのユーザ管理番号","<PRIVACY>
属性の変更が行われたユーザのユーザ管理番号","<privacy>
属性の変更が行われたユーザのユーザ名（表示用の名称）
(特定できない場合には空文字列を表示)","<UNCLASSIFIED>
属性の変更が行われたユーザのユーザクラス","<UNCLASSIFIED>
ユーザの属性情報変更開始と同じ時間",,"<UNCLASSIFIED>
変更された属性の識別情報","<privacy>
変更前の値
(未設定の場合は空文字)","<privacy>
変更後の値
(クリアされた場合は空文字)",,,,jp.co.fujixerox.spider.runtime.pauthcomp.PrincipalAuthorityComponent
<Def>,User.AttributeChange.Failure,Warning,TRUE,<privacy>,"<internal>
属性の変更要求が行われたユーザのユーザ管理番号
(存在しない場合は空文字列)","<PRIVACY>
属性の変更要求が行われたユーザのユーザ管理番号","<privacy>
属性の変更要求が行われたユーザのユーザ名（表示用の名称）
(特定できない場合には空文字列を表示)","<unclassified>
属性の変更要求が行われたユーザのユーザクラス
(特定できない場合は空文字列)","<UNCLASSIFIED>
ユーザの属性情報変更開始と同じ時間","<UNCLASSIFIED>
失敗理由","<UNCLASSIFIED>
変更要求された属性の識別情報","<privacy>
変更要求された値
(クリア要求の場合は空文字)",,,,,jp.co.fujixerox.spider.runtime.pauthcomp.PrincipalAuthorityComponent
<Def>,User.AttributeChange.Complete,Warning,TRUE,<privacy>,"<internal>
属性の変更要求が行われたユーザのユーザ管理番号
(存在しない場合は空文字列)","<PRIVACY>
属性の変更要求が行われたユーザのユーザ管理番号","<privacy>
属性の変更要求が行われたユーザのユーザ名（表示用の名称）
(特定できない場合には空文字列を表示)","<unclassified>
属性の変更要求が行われたユーザのユーザクラス
(特定できない場合は空文字列)","<UNCLASSIFIED>
ユーザの属性情報変更開始と同じ時間",,"<unclassified>
属性の変更要求が行われたユーザの認証方式
(特定できない場合は空文字列)","<unclassified>
属性の変更要求が行われたユーザの認証先
(特定できない場合は空文字列)
(認証方式がLocalの場合は空文字)",,,,,jp.co.fujixerox.spider.runtime.pauthcomp.PrincipalAuthorityComponent
<Def>,Job.Create.Reject,Warning,TRUE,<PRIVACY>,,,,"<UNCLASSIFIED>
ジョブ種別",,"<UNCLASSIFIED>
拒否理由","<PRIVACY>
データ入力元","<PRIVACY>
データ出力先",,,,,jp.co.fujixerox.spicule.app.scancomp.ScanApplicationComponent
<Def>,Job.Create.Success,Notice,TRUE,<PRIVACY>,"<INTERNAL>
ジョブのオーナ","<UNCLASSIFIED>
JobID",,"<UNCLASSIFIED>
ジョブ種別","<UNCLASSIFIED>
ジョブの生成時間",,,,,,,,jp.co.fujixerox.spider.runtime.jmcomp.JobManagerComponent
<Def>,Job.Create.Failure,Warning,TRUE,<PRIVACY>,,,,"<UNCLASSIFIED>
ジョブ種別",,"<UNCLASSIFIED>
失敗理由",,,,,,,jp.co.fujixerox.spider.runtime.jmcomp.JobManagerComponent
<Def>,Job.End,Notice,TRUE,,"<INTERNAL>
ジョブのオーナ","<UNCLASSIFIED>
JobID","<PRIVACY>
ジョブ名
（記載内容の詳細は、アプリごとに決める。）","<UNCLASSIFIED>
ジョブ種別","<UNCLASSIFIED>
ジョブの完了時間","<UNCLASSIFIED>
ジョブの終了要因",,,,,,,jp.co.fujixerox.spider.runtime.jmcomp.JobManagerComponent
<Def>,Job.Abort.Required,Notice,TRUE,<PRIVACY>,"<INTERNAL>
ジョブのオーナ","<UNCLASSIFIED>
JobID",,"<UNCLASSIFIED>
ジョブ種別","<UNCLASSIFIED>
ジョブの中止要求時間","<UNCLASSIFIED>
要求受付結果","<UNCLASSIFIED>
ジョブの中止理由",,,,,,jp.co.fujixerox.spider.runtime.jmcomp.JobManagerComponent
<Def>,Job.Execution.Control,Warning,"FALSE
",,"<INTERNAL>
ジョブのオーナ","<UNCLASSIFIED>
JobID",,,,"<UNCLASSIFIED>
制限詳細","<UNCLASSIFIED>
ジョブのアカウント種別",,,,,,jp.co.fujixerox.spider.util.accountcomp.AccountUtilityComponent
<Def>,Job.Set.InputMethod,Warning,TRUE,<PRIVACY>,"<INTERNAL>
ジョブのオーナ","<UNCLASSIFIED>
JobID",,,,,"<PRIVACY>
データ入力元",,,,,,"jp.co.fujixerox.spider.runtime.jmcomp.JobManagerComponent
jp.co.fujixerox.spicule.app.scancomp.ScanApplicationComponent"
<Def>,Job.Set.OutputMethod,Warning,TRUE,<PRIVACY>,"<INTERNAL>
ジョブのオーナ","<UNCLASSIFIED>
JobID",,,,,"<PRIVACY>
データ出力先",,,,,,"jp.co.fujixerox.spider.runtime.jmcomp.JobManagerComponent
jp.co.fujixerox.spicule.app.scancomp.ScanApplicationComponent"
<Def>,Document.Create.Success,Notice,TRUE,<PRIVACY>,"<INTERNAL>
ドキュメントの作成者","<UNCLASSIFIED>
DocumentID","<privacy>
DocumentName
(1st商品では常に空文字が設定される)","<UNCLASSIFIED>
DocumentType",,,"<privacy>
ドキュメントの格納場所
・フォルダの場合はフォルダＩＤ
・フォルダー格納でない場合は空文字列","<UNCLASSIFIED>
ジョブ識別子",,,,,jp.co.fujixerox.spider.runtime.dmcomp.DocumentManagerComponent
<Def>,Document.Create.Failure,Warning,TRUE,<PRIVACY>,"<INTERNAL>
ドキュメントの作成者",,"<privacy>
DocumentName
(1st商品では常に空文字が設定される)","<UNCLASSIFIED>
DocumentType",,"<UNCLASSIFIED>
失敗理由","<privacy>
ドキュメントの格納場所
・フォルダの場合はフォルダＩＤ
・フォルダー格納でない場合は空文字列","<UNCLASSIFIED>
ジョブ識別子",,,,,jp.co.fujixerox.spider.runtime.dmcomp.DocumentManagerComponent
<Def>,Document.Remove.Accept,Notice,TRUE,<PRIVACY>,"<INTERNAL>
ドキュメントの作成者","<UNCLASSIFIED>
DocumentID","<privacy>
DocumentName","<UNCLASSIFIED>
DocumentType",,,"<UNCLASSIFIED>
ジョブ識別子",,,,,,jp.co.fujixerox.spider.runtime.dmcomp.DocumentManagerComponent
<Def>,Document.Remove.Reject,Warning,TRUE,<PRIVACY>,"<INTERNAL>
ドキュメントの作成者","<UNCLASSIFIED>
DocumentID",,,,"<UNCLASSIFIED>
失敗理由","<UNCLASSIFIED>
ジョブ識別子",,,,,,jp.co.fujixerox.spider.runtime.dmcomp.DocumentManagerComponent
<Def>,Document.Remove.Success,Notice,TRUE,<PRIVACY>,"<INTERNAL>
ドキュメントの作成者","<UNCLASSIFIED>
DocumentID",,,,,,,,,,,jp.co.fujixerox.spider.runtime.dmcomp.DocumentManagerComponent
<Def>,Document.Delete.Success,Notice,TRUE,<PRIVACY>,"<INTERNAL>
ドキュメントの作成者","<UNCLASSIFIED>
DocumentID","<privacy>
DocumentName
(1st商品では常に空文字が設定される)","<UNCLASSIFIED>
DocumentType",,,"<UNCLASSIFIED>
ジョブ識別子",,,,,,jp.co.fujixerox.spider.runtime.dmcomp.DocumentManagerComponent
<Def>,Document.Delete.Failure,Warning,TRUE,<PRIVACY>,"<INTERNAL>
ドキュメントの作成者","<UNCLASSIFIED>
DocumentID",,,,"<UNCLASSIFIED>
失敗理由","<UNCLASSIFIED>
ジョブ識別子",,,,,,jp.co.fujixerox.spider.runtime.dmcomp.DocumentManagerComponent
<Def>,Document.WriteRequired.Success,Notice,TRUE,<PRIVACY>,"<INTERNAL>
ドキュメントの作成者","<UNCLASSIFIED>
DocumentID","<privacy>
DocumentName
(1st商品では常に空文字が設定される)","<UNCLASSIFIED>
DocumentType",,,"<UNCLASSIFIED>
ジョブ識別子",,,,,,jp.co.fujixerox.spider.runtime.dmcomp.DocumentManagerComponent
<Def>,Document.WriteRequired.Failure,Warning,TRUE,<PRIVACY>,"<internal>ドキュメントの作成者
（ドキュメントが存在しない場合は空文字）","<UNCLASSIFIED>
DocumentID",,,,"<UNCLASSIFIED>
失敗理由","<UNCLASSIFIED>
ジョブ識別子",,,,,,jp.co.fujixerox.spider.runtime.dmcomp.DocumentManagerComponent
<Def>,Document.ReadRequired.Success,Notice,TRUE,<PRIVACY>,"<INTERNAL>
ドキュメントの作成者","<UNCLASSIFIED>
DocumentID","<privacy>
DocumentName
(1st商品では常に空文字が設定される)","<UNCLASSIFIED>
DocumentType",,,"<UNCLASSIFIED>
ジョブ識別子",,,,,,jp.co.fujixerox.spider.runtime.dmcomp.DocumentManagerComponent
<Def>,Document.ReadRequired.Failure,Warning,TRUE,<PRIVACY>,"<internal>ドキュメントの作成者
（ドキュメントが存在しない場合は空文字）","<UNCLASSIFIED>
DocumentID",,,,"<UNCLASSIFIED>
失敗理由","<UNCLASSIFIED>
ジョブ識別子",,,,,,jp.co.fujixerox.spider.runtime.dmcomp.DocumentManagerComponent
<Def>,Document.NameChange.Success,Warning,TRUE,<PRIVACY>,"<INTERNAL>
ドキュメントの作成者","<UNCLASSIFIED>
DocumentID","<privacy>
DocumentName
(空文字の設定が可能)","<UNCLASSIFIED>
DocumentType",,,"<privacy>
変更後の名称
(空文字の設定が可能)",,,,,,jp.co.fujixerox.spider.runtime.dmcomp.DocumentManagerComponent
<Def>,Document.NameChange.Failure,Warning,TRUE,<PRIVACY>,"<INTERNAL>
ドキュメントの作成者","<UNCLASSIFIED>
DocumentID",,,,"<UNCLASSIFIED>
失敗理由","<PRIVACY>
変更要求された名称
(255バイトを超える場合は、255バイトを超えない文字の区切りに”...""を加えた文字とする。)",,,,,,jp.co.fujixerox.spider.runtime.dmcomp.DocumentManagerComponent
<Def>,ImageLog.Create.Success,Critical,FALSE,,,"<UNCLASSIFIED>
JobID
（DocumentID?)",,,,,,,,,,,jp.co.fujixerox.spider.util.ImageLogUtility
<Def>,ImageLog.Deleted.Success,Critical,FALSE,,,"<UNCLASSIFIED>
JobID
（DocumentID?)",,,,,,,,,,,jp.co.fujixerox.spider.util.ImageLogUtility
<Def>,ImageLog.Read.Success,Critical,TRUE,,,"<UNCLASSIFIED>
JobID
（DocumentID?)",,,,,"<PRIVACY>
データ出力先",,,,,,jp.co.fujixerox.spider.util.ImageLogUtility
<Def>,Folder.Create.Success,Notice,TRUE,<PRIVACY>,"<INTERNAL>
作成したフォルダのオーナ
（作成したフォルダの親フォルダのオーナーではない。）","<UNCLASSIFIED>
FolderID","<PRIVACY>
フォルダの名称(パス情報を含まない。)",,,,"<UNCLASSIFIED>
親フォルダのフォルダＩＤ
（リポジトリ直下にフォルダを作成した場合はリポジトリの名称）",,,,,,jp.co.fujixerox.spider.runtime.rmcomp.RepositoryManagerComponent
<Def>,Folder.Create.Failure,Warning,TRUE,<PRIVACY>,"<INTERNAL>
作成に成功した場合にフォルダのオーナとなった人
（作成に失敗したフォルダの親フォルダのオーナーではない。）",,"<PRIVACY>
フォルダの名称(パス情報を含まない。)",,,"<UNCLASSIFIED>
失敗理由","<UNCLASSIFIED>
親フォルダのフォルダＩＤ
（リポジトリ直下へのフォルダ作成要求の場合はリポジトリの名称）",,,,,,jp.co.fujixerox.spider.runtime.rmcomp.RepositoryManagerComponent
<Def>,Folder.Delete.Success,Notice,TRUE,<PRIVACY>,"<INTERNAL>
削除されたフォルダのオーナ
（削除されたフォルダの親フォルダのオーナーではない。）","<UNCLASSIFIED>
FolderID","<PRIVACY>
フォルダの名称(パス情報を含まない。)",,,,"<UNCLASSIFIED>
親フォルダのフォルダＩＤ
（リポジトリ直下のフォルダを削除した場合はリポジトリの名称）",,,,,,jp.co.fujixerox.spider.runtime.rmcomp.RepositoryManagerComponent
<Def>,Folder.Delete.Failure,Warning,TRUE,<PRIVACY>,"<INTERNAL>
削除要求されたフォルダのオーナ
（削除要求されたフォルダの親フォルダのオーナーではない。）","<UNCLASSIFIED>
FolderID",,,,"<UNCLASSIFIED>
失敗理由","<UNCLASSIFIED>
親フォルダのフォルダＩＤ
（リポジトリ直下のフォルダへの削除要求の場合はリポジトリの名称）",,,,,,jp.co.fujixerox.spider.runtime.rmcomp.RepositoryManagerComponent
<Def>,Folder.NameChange.Success,Warning,TRUE,<PRIVACY>,"<INTERNAL>
名称変更したフォルダのオーナ
（名称変更したフォルダの親フォルダのオーナーではない。）","<UNCLASSIFIED>
FolderID","<PRIVACY>
フォルダの名称(パス情報を含まない。)",,,,"<UNCLASSIFIED>
親フォルダのフォルダＩＤ
（リポジトリ直下のフォルダの名称を変更した場合はリポジトリの名称）","<PRIVACY>
変更後の名称",,,,,jp.co.fujixerox.spider.runtime.rmcomp.RepositoryManagerComponent
<Def>,Folder.NameChange.Failure,Warning,TRUE,<PRIVACY>,"<INTERNAL>
名称変更要求されたフォルダのオーナ
（名称変更要求されたフォルダの親フォルダのオーナーではない。）","<UNCLASSIFIED>
FolderID",,,,"<UNCLASSIFIED>
失敗理由","<UNCLASSIFIED>
親フォルダのフォルダＩＤ
（リポジトリ直下のフォルダへの名称変更要求の場合はリポジトリの名称）","<PRIVACY>
変更要求された名称",,,,,jp.co.fujixerox.spider.runtime.rmcomp.RepositoryManagerComponent
<Def>,Folder.AccessRights.Change.Start,Warning,TRUE,<PRIVACY>,"<INTERNAL>
フォルダのオーナ","<UNCLASSIFIED>
FolderID",,,"<UNCLASSIFIED>
変更要求開始時間",,,,,,,,jp.co.fujixerox.spider.runtime.rmcomp.RepositoryManagerComponent
<Def>,Folder.AccessRights.Change.Success,Warning,TRUE,<PRIVACY>,"<INTERNAL>
フォルダのオーナ","<UNCLASSIFIED>
FolderID",,,"<UNCLASSIFIED>
「フォルダのアクセス権変更要求開始」と同じ時間",,"<PRIVACY>
対象者のユーザ名もしくはユーザクラス
(区別が付くようにする。)","<PRIVACY>
設定されたアクセス権",,,,,jp.co.fujixerox.spider.runtime.rmcomp.RepositoryManagerComponent
<Def>,Folder.AccessRights.Change.Complete,Warning,TRUE,<PRIVACY>,"<INTERNAL>
フォルダのオーナ","<UNCLASSIFIED>
FolderID",,,"<UNCLASSIFIED>
「フォルダのアクセス権変更要求開始」と同じ時間",,,,,,,,jp.co.fujixerox.spider.runtime.rmcomp.RepositoryManagerComponent
<Def>,Folder.AccessRights.Change.Failure,Warning,TRUE,<PRIVACY>,"<INTERNAL>
フォルダのオーナ","<UNCLASSIFIED>
FolderID",,,"<UNCLASSIFIED>
「フォルダのアクセス権変更要求開始」と同じ時間","<UNCLASSIFIED>
失敗理由",,,,,,,jp.co.fujixerox.spider.runtime.rmcomp.RepositoryManagerComponent
<Def>,Folder.AddItem.Success,Notice,TRUE,<PRIVACY>,"<INTERNAL>
アイテムが追加されたフォルダのオーナ","<UNCLASSIFIED>
追加されたアイテムの識別情報
(Documentの場合DocumentID, フォルダの場合FolderID）","<PRIVACY>
アイテムに設定された名前","<UNCLASSIFIED>
アイテムの種別
・Documentの場合:""Document"", ・フォルダの場合:""Folder""
・User Homeの場合:""(検討する)""
・スクリプトの場合：""Script""",,,"<UNCLASSIFIED>
アイテムが追加されたフォルダーのフォルダーID",,,,,,jp.co.fujixerox.spider.runtime.rmcomp.RepositoryManagerComponent
<Def>,Folder.AddItem.Failure,Warning,TRUE,<PRIVACY>,"<INTERNAL>
アイテムが追加要求されたフォルダのオーナ","<UNCLASSIFIED>
追加要求されたアイテムの識別情報
(Documentの場合DocumentID, フォルダの場合FolderID）","<PRIVACY>
アイテムに設定された名前","<UNCLASSIFIED>
アイテムの種別
・Documentの場合:""Document"", ・フォルダの場合:""Folder""
・User Homeの場合:""(検討する)""
・スクリプトの場合：""Script""",,"<UNCLASSIFIED>
失敗の理由
アクセス権なしなど","<UNCLASSIFIED>
アイテムが追加要求されたフォルダーのフォルダーID",,,,,,jp.co.fujixerox.spider.runtime.rmcomp.RepositoryManagerComponent
<Def>,Folder.DeleteItem.Success,Notice,TRUE,<PRIVACY>,"<INTERNAL>
アイテムが削除されたフォルダのオーナ","<UNCLASSIFIED>
削除されたアイテムの識別情報
(Documentの場合DocumentID, フォルダの場合FolderID）","<PRIVACY>
アイテムに設定された名前","<UNCLASSIFIED>
アイテムの種別
・Documentの場合:""Document"", ・フォルダの場合:""Folder""
・User Homeの場合:""(検討する)""
・スクリプトの場合：""Script""",,,"<UNCLASSIFIED>
アイテムが削除されたフォルダーのフォルダーID",,,,,,jp.co.fujixerox.spider.runtime.rmcomp.RepositoryManagerComponent
<Def>,Folder.DeleteItem.Failure,Warning,TRUE,<PRIVACY>,"<INTERNAL>
アイテムが削除要求されたフォルダのオーナ","<UNCLASSIFIED>
削除要求されたアイテムの識別情報
(Documentの場合DocumentID, フォルダの場合FolderID）",,,,"<UNCLASSIFIED>
失敗の理由
アクセス権なしなど","<UNCLASSIFIED>
アイテムが削除要求されたフォルダーのフォルダーID",,,,,,jp.co.fujixerox.spider.runtime.rmcomp.RepositoryManagerComponent
<Def>,Repository.AddItem.Success,Notice,TRUE,<PRIVACY>,,"<UNCLASSIFIED>
追加されたアイテムの識別情報
(FolderID）","<PRIVACY>
アイテムに設定された名前","<UNCLASSIFIED>
アイテムの種別
(""Folder""固定)",,,"<UNCLASSIFIED>
アイテムが追加されたReporisoryの名称",,,,,,jp.co.fujixerox.spider.runtime.rmcomp.RepositoryManagerComponent
<Def>,Repository.AddItem.Failure,Warning,TRUE,<PRIVACY>,,"<UNCLASSIFIED>
追加要求されたアイテムの識別情報
(FolderID）","<PRIVACY>
アイテムに設定された名前","<UNCLASSIFIED>
アイテムの種別
(""Folder""固定)",,"<UNCLASSIFIED>
失敗の理由
アクセス権なしなど","<UNCLASSIFIED>
アイテムが追加要求されたReporisoryの名称",,,,,,jp.co.fujixerox.spider.runtime.rmcomp.RepositoryManagerComponent
<Def>,Repository.DeleteItem.Success,Notice,TRUE,<PRIVACY>,,"<UNCLASSIFIED>
削除されたアイテムの識別情報
(FolderID）","<PRIVACY>
アイテムに設定された名前","<UNCLASSIFIED>
アイテムの種別
(""Folder""固定)",,,"<UNCLASSIFIED>
アイテムが削除されたReporisoryの名称",,,,,,jp.co.fujixerox.spider.runtime.rmcomp.RepositoryManagerComponent
<Def>,Repository.DeleteItem.Failure,Warning,TRUE,<PRIVACY>,,"<UNCLASSIFIED>
削除要求されたアイテムの識別情報
(FolderID）",,,,"<UNCLASSIFIED>
失敗の理由
アクセス権なしなど","<UNCLASSIFIED>
アイテムが削除要求されたReporisoryの名称",,,,,,jp.co.fujixerox.spider.runtime.rmcomp.RepositoryManagerComponent
<Def>,AddressBook.AddEntry.Success,Warning,TRUE,<PRIVACY>,"<INTERNAL>
個人アドレス帳を所有するユーザのユーザ管理番号","<PRIVACY>
宛先管理番号",,,,,,,,,,,jp.co.fujixerox.spider.runtime.pauthcomp.PrincipalAuthorityComponent
<Def>,AddressBook.AddEntry.Failure,Warning,TRUE,<privacy>,"<internal>
個人アドレス帳を所有するユーザのユーザ管理番号
(特定できない場合には空文字を出力)",,,,,"<UNCLASSIFIED>
失敗の理由
アクセス権なしなど",,,,,,,jp.co.fujixerox.spider.runtime.pauthcomp.PrincipalAuthorityComponent
<Def>,AddressBook.DeleteEntry.Accept,Warning,TRUE,<PRIVACY>,"<INTERNAL>
個人アドレス帳を所有するユーザのユーザ管理番号","<PRIVACY>
宛先管理番号","<privacy>
宛先名
(宛先名が特定できない場合には空文字)",,,,,,,,,,jp.co.fujixerox.spider.runtime.pauthcomp.PrincipalAuthorityComponent
<Def>,AddressBook.DeleteEntry.Reject,Warning,TRUE,<privacy>,"<internal>
個人アドレス帳を所有するユーザのユーザ管理番号
(特定できない場合には空文字を出力)","<PRIVACY>
削除要求のあった宛先管理番号","<privacy>
宛先名
(削除対象の宛先が見つからなかった場合には空文字が出力される)",,,"<UNCLASSIFIED>
失敗の理由
アクセス権なしなど",,,,,,,jp.co.fujixerox.spider.runtime.pauthcomp.PrincipalAuthorityComponent
<Def>,AddressBook.DeleteEntry.Success,Warning,TRUE,<PRIVACY>,"<INTERNAL>
個人アドレス帳を所有するユーザのユーザ管理番号","<PRIVACY>
宛先管理番号","<privacy>
宛先名
(宛先名が特定できない場合には空文字)",,,,,,,,,,jp.co.fujixerox.spider.runtime.pauthcomp.PrincipalAuthorityComponent
<Def>,AddressBook.DeleteAllEntries.Accept,Warning,TRUE,<PRIVACY>,"<INTERNAL>
個人アドレス帳を所有するユーザのユーザ管理番号","<PRIVACY>
個人アドレス帳を所有するユーザのユーザ管理番号
",,,"<UNCLASSIFIED>
削除開始時間",,,,,,,,jp.co.fujixerox.spider.runtime.pauthcomp.PrincipalAuthorityComponent
<Def>,AddressBook.DeleteAllEntries.Reject,Warning,TRUE,<privacy>,"<internal>
個人アドレス帳を所有するユーザのユーザ管理番号
(特定できない場合には空文字を出力)","<PRIVACY>
個人アドレス帳を所有するユーザのユーザ管理番号
(ユーザー管理番号が不正な場合でも、不正だったユーザー管理番号を記録する。)
",,,,"<UNCLASSIFIED>
失敗の理由
アクセス権なしなど",,,,,,,jp.co.fujixerox.spider.runtime.pauthcomp.PrincipalAuthorityComponent
<Def>,AddressBook.DeleteAllEntries.Success,Warning,TRUE,<PRIVACY>,"<INTERNAL>
個人アドレス帳を所有するユーザのユーザ管理番号","<PRIVACY>
個人アドレス帳を所有するユーザのユーザ管理番号",,,"<UNCLASSIFIED>
宛先表の宛先の一括削除開始と同じ時間",,,,,,,,jp.co.fujixerox.spider.runtime.pauthcomp.PrincipalAuthorityComponent
<Def>,AddressBook.PublicInfoChange.Success,Warning,TRUE,<PRIVACY>,"<INTERNAL>
個人アドレス帳を所有するユーザのユーザ管理番号","<PRIVACY>
個人アドレス帳を所有するユーザのユーザ管理番号",,,,,"<UNCLASSIFIED>
変更後の値
（公開・非公開）",,,,,,jp.co.fujixerox.spider.runtime.pauthcomp.PrincipalAuthorityComponent
<Def>,AddressBook.PublicInfoChange.Failure,Warning,TRUE,<privacy>,"<internal>
個人アドレス帳を所有するユーザのユーザ管理番号
(特定できない場合には空文字を出力)","<PRIVACY>
個人アドレス帳を所有するユーザのユーザ管理番号
(ユーザー管理番号が不正な場合でも、不正だったユーザー管理番号を記録する。)",,,,"<UNCLASSIFIED>
失敗理由
アクセス権なしなど","<UNCLASSIFIED>
変更要求された値
（公開・非公開）",,,,,,jp.co.fujixerox.spider.runtime.pauthcomp.PrincipalAuthorityComponent
<Def>,AddressBook.AddressNameChange.Success,Warning,TRUE,<PRIVACY>,"<INTERNAL>
個人アドレス帳を所有するユーザのユーザ管理番号","<PRIVACY>
宛先管理番号","<privacy>
宛先名
(設定されていない場合は空文字)",,,,"<privacy>
変更後の宛先名
(クリアされた場合は空文字)",,,,,,jp.co.fujixerox.spider.runtime.pauthcomp.PrincipalAuthorityComponent
<Def>,AddressBook.AddressNameChange.Failure,Warning,TRUE,<privacy>,"<internal>
個人アドレス帳を所有するユーザのユーザ管理番号
(特定できない場合には空文字を出力)","<PRIVACY>
宛先管理番号",,,,"<UNCLASSIFIED>
失敗理由
アクセス権なしなど","<PRIVACY>
変更要求されたの宛先名",,,,,,jp.co.fujixerox.spider.runtime.pauthcomp.PrincipalAuthorityComponent
<Def>,AddressBook.AttributeChange.Start,Warning,TRUE,<privacy>,"<internal>
個人アドレス帳を所有するユーザのユーザ管理番号
(特定できない場合には空文字を出力)","<PRIVACY>
宛先管理番号",,,"<UNCLASSIFIED>
変更開始時間",,,,,,,,jp.co.fujixerox.spider.runtime.pauthcomp.PrincipalAuthorityComponent
<Def>,AddressBook.AttributeChange.Success,Warning,TRUE,<PRIVACY>,"<INTERNAL>
個人アドレス帳を所有するユーザのユーザ管理番号","<PRIVACY>
宛先管理番号","<privacy>
宛先名
（設定されていない場合は空文字を出力）",,"<UNCLASSIFIED>
「宛先の属性の変更開始」と同じ時間",,"<UNCLASSIFIED>
変更された属性の識別情報","<privacy>
変更前の値
(未設定の場合は空文字)","<privacy>
変更後の値
（クリアされた場合は空文字）",,,,jp.co.fujixerox.spider.runtime.pauthcomp.PrincipalAuthorityComponent
<Def>,AddressBook.AttributeChange.Failure,Warning,TRUE,<privacy>,"<internal>
個人アドレス帳を所有するユーザのユーザ管理番号
（特定できない場合には空文字を出力）","<PRIVACY>
宛先管理番号",,,"<UNCLASSIFIED>
「宛先の属性の変更開始」と同じ時間","<UNCLASSIFIED>
失敗理由
アクセス権なしなど","<UNCLASSIFIED>
変更要求された属性の識別情報","<privacy>
変更要求された値
（クリア要求の場合は空文字）",,,,,jp.co.fujixerox.spider.runtime.pauthcomp.PrincipalAuthorityComponent
<Def>,AddressBook.AttributeChange.Complete,Warning,TRUE,<privacy>,"<internal>
個人アドレス帳を所有するユーザのユーザ管理番号
（特定できない場合には空文字を出力）","<PRIVACY>
宛先管理番号",,,"<UNCLASSIFIED>
「宛先の属性の変更開始」と同じ時間",,,,,,,,jp.co.fujixerox.spider.runtime.pauthcomp.PrincipalAuthorityComponent
<Def>,DeviceCertificate.Add.Start,Notice,TRUE,<privacy>,,,,,"<UNCLASSIFIED>
追加開始時間",,,,,,,,jp.co.fujixerox.spider.runtime.pauthcomp.PrincipalAuthorityComponent
<Def>,DeviceCertificate.Add.Success,Notice,TRUE,<PRIVACY>,,"<UNCLASSIFIED>
証明書のissuerとserialNumber","<UNCLASSIFIED>
証明書のsubject
(なければ、subjectAltName)",,"<UNCLASSIFIED>
「デバイス証明書の追加開始」と同じ時間","<UNCLASSIFIED>
正常終了(OK)、または、
既存のため非実行（ALREADY_COMMITTED）",,,,,,,jp.co.fujixerox.spider.runtime.pauthcomp.PrincipalAuthorityComponent
<Def>,DeviceCertificate.Add.Failure,Warning,TRUE,<privacy>,,"<unclassified>
証明書のissuerとserialNumber
（証明書が不正で情報が取り出せない場合は空文字）","<unclassified>
証明書のsubject
(なければ、subjectAltName)
（証明書が不正で情報が取り出せない場合は空文字）",,"<UNCLASSIFIED>
「デバイス証明書の追加開始」と同じ時間","<UNCLASSIFIED>
失敗理由
アクセス権なしなど",,,,,,,jp.co.fujixerox.spider.runtime.pauthcomp.PrincipalAuthorityComponent
<Def>,DeviceCertificate.Add.Complete,Notice,TRUE,<privacy>,,,,,"<UNCLASSIFIED>
「デバイス証明書の追加開始」と同じ時間",,,,,,,,jp.co.fujixerox.spider.runtime.pauthcomp.PrincipalAuthorityComponent
<Def>,DeviceCertificate.Create.Success,Notice,TRUE,<PRIVACY>,,"<UNCLASSIFIED>
証明書のissuerとserialNumber","<UNCLASSIFIED>
証明書のsubject
(なければ、subjectAltName)",,,,,,,,,,jp.co.fujixerox.spider.runtime.pauthcomp.PrincipalAuthorityComponent
<Def>,DeviceCertificate.Create.Failure,Critical,TRUE,<PRIVACY>,,"<unclassified>
証明書のissuerとserialNumber
(本値が決まる前の失敗時は空文字)","<unclassified>
証明書のsubject
(なければ、subjectAltName)
(本値が決まる前の失敗時は空文字)",,,"<UNCLASSIFIED>
失敗理由
アクセス権なしなど",,,,,,,jp.co.fujixerox.spider.runtime.pauthcomp.PrincipalAuthorityComponent
<Def>,DeviceCertificate.Delete.Success,Notice,TRUE,<PRIVACY>,,"<UNCLASSIFIED>
証明書のissuerとserialNumber","<UNCLASSIFIED>
証明書のsubject
(なければ、subjectAltName)",,,,,,,,,,jp.co.fujixerox.spider.runtime.pauthcomp.PrincipalAuthorityComponent
<Def>,DeviceCertificate.Delete.Failure,Critical,TRUE,<privacy>,,"<unclassified>
証明書のissuerとserialNumber
(証明書自体が削除済みなどのケースで情報が取り出せない場合は空文字)","<unclassified>
証明書のsubject
(なければ、subjectAltName)
(証明書自体が削除済みなどのケースで情報が取り出せない場合は空文字)",,,"<UNCLASSIFIED>
失敗理由
アクセス権なしなど",,,,,,,jp.co.fujixerox.spider.runtime.pauthcomp.PrincipalAuthorityComponent
<Def>,DeviceCertificate.AttributeChange.Start,Notice,TRUE,<privacy>,,,,,"<UNCLASSIFIED>
変更開始時間",,,,,,,,jp.co.fujixerox.spider.runtime.pauthcomp.PrincipalAuthorityComponent
<Def>,DeviceCertificate.AttributeChange.Accept,Notice,TRUE,<PRIVACY>,,"<UNCLASSIFIED>
証明書のissuerとserialNumber","<UNCLASSIFIED>
証明書のsubject
(なければ、subjectAltName)",,"<UNCLASSIFIED>
デバイス証明書の属性情報変更開始と同じ時間",,"<UNCLASSIFIED>
変更された属性の識別情報","<PRIVACY>
変更前の値","<PRIVACY>
変更後の値",,,,jp.co.fujixerox.spider.runtime.pauthcomp.PrincipalAuthorityComponent
<Def>,DeviceCertificate.AttributeChange.Reject,Critical,TRUE,<privacy>,,"<unclassified>
証明書のissuerとserialNumber
(証明書の指定不正などのケースで情報が取り出せない場合は空文字)","<unclassified>
証明書のsubject
(なければ、subjectAltName)
(証明書の指定不正などのケースで情報が取り出せない場合は空文字)",,"<UNCLASSIFIED>
デバイス証明書の属性情報変更開始と同じ時間","<UNCLASSIFIED>
失敗理由
アクセス権なしなど","<unclassified>
変更要求された属性の識別情報","<privacy>
変更要求された値",,,,,jp.co.fujixerox.spider.runtime.pauthcomp.PrincipalAuthorityComponent
<Def>,DeviceCertificate.AttributeChange.Success,Notice,TRUE,<PRIVACY>,,,,,"<UNCLASSIFIED>
デバイス証明書の属性情報変更開始と同じ時間",,,,,,,,jp.co.fujixerox.spider.runtime.pauthcomp.PrincipalAuthorityComponent
<Def>,DeviceCertificate.AttributeChange.Failure,Warning,TRUE,<privacy>,,,,,"<UNCLASSIFIED>
デバイス証明書の属性情報変更開始と同じ時間",,,,,,,,jp.co.fujixerox.spider.runtime.pauthcomp.PrincipalAuthorityComponent
<Def>,CACertificate.Add.Start,Notice,TRUE,<privacy>,,,,,"<UNCLASSIFIED>
追加開始時間",,,,,,,,jp.co.fujixerox.spider.runtime.pauthcomp.PrincipalAuthorityComponent
<Def>,CACertificate.Add.Success,Notice,TRUE,<PRIVACY>,,"<UNCLASSIFIED>
証明書のissuerとserialNumber","<UNCLASSIFIED>
証明書のsubject
(なければ、subjectAltName)",,"<UNCLASSIFIED>
デバイス証明書、CA証明書もしくは個人証明書の追加開始と同じ時間","<UNCLASSIFIED>
正常終了(OK)、または、
既存のため非実行（ALREADY_COMMITTED）",,,,,,,jp.co.fujixerox.spider.runtime.pauthcomp.PrincipalAuthorityComponent
<Def>,CACertificate.Add.Failure,Warning,TRUE,<privacy>,,"<unclassified>
証明書のissuerとserialNumber
(証明書が不正で情報が取り出せない場合は空文字)","<unclassified>
証明書のsubject
(なければ、subjectAltName)
(証明書が不正で情報が取り出せない場合は空文字)",,"<UNCLASSIFIED>
デバイス証明書、CA証明書もしくは個人証明書の追加開始と同じ時間","<UNCLASSIFIED>
失敗理由
アクセス権なしなど",,,,,,,jp.co.fujixerox.spider.runtime.pauthcomp.PrincipalAuthorityComponent
<Def>,CACertificate.Add.Complete,Notice,TRUE,<privacy>,,,,,"<UNCLASSIFIED>
CA証明書の追加開始と同じ時間",,,,,,,,jp.co.fujixerox.spider.runtime.pauthcomp.PrincipalAuthorityComponent
<Def>,CACertificate.Delete.Success,Notice,TRUE,<PRIVACY>,,"<UNCLASSIFIED>
証明書のissuerとserialNumber","<UNCLASSIFIED>
証明書のsubject
(なければ、subjectAltName)",,,,,,,,,,jp.co.fujixerox.spider.runtime.pauthcomp.PrincipalAuthorityComponent
<Def>,CACertificate.Delete.Failure,Critical,TRUE,<privacy>,,"<unclassified>
証明書のissuerとserialNumber
(証明書自体が削除済みなどのケースで情報が取り出せない場合は空文字)","<unclassified>
証明書のsubject
(なければ、subjectAltName)
(証明書自体が削除済みなどのケースで情報が取り出せない場合は空文字)",,,"<UNCLASSIFIED>
失敗理由
アクセス権なしなど。",,,,,,,jp.co.fujixerox.spider.runtime.pauthcomp.PrincipalAuthorityComponent
<Def>,CACertificate.AttributeChange.Start,Notice,TRUE,<privacy>,,,,,"<UNCLASSIFIED>
変更開始時間",,,,,,,,jp.co.fujixerox.spider.runtime.pauthcomp.PrincipalAuthorityComponent
<Def>,CACertificate.AttributeChange.Accept,Notice,TRUE,<PRIVACY>,,"<UNCLASSIFIED>
証明書のissuerとserialNumber","<UNCLASSIFIED>
証明書のsubject
(なければ、subjectAltName)",,"<UNCLASSIFIED>
CA証明書の属性情報変更開始と同じ時間",,"<UNCLASSIFIED>
変更された属性の識別情報","<PRIVACY>
変更前の値","<PRIVACY>
変更後の値",,,,jp.co.fujixerox.spider.runtime.pauthcomp.PrincipalAuthorityComponent
<Def>,CACertificate.AttributeChange.Reject,Warning,TRUE,<privacy>,,"<unclassified>
証明書のissuerとserialNumber
(証明書の指定不正などのケースで情報が取り出せない場合は空文字)","<unclassified>
証明書のsubject
(なければ、subjectAltName)
(証明書の指定不正などのケースで情報が取り出せない場合は空文字)",,"<UNCLASSIFIED>
CA証明書の属性情報変更開始と同じ時間","<UNCLASSIFIED>
失敗理由
アクセス権なしなど","<unclassified>
変更要求された属性の識別情報","<privacy>
変更要求された値",,,,,jp.co.fujixerox.spider.runtime.pauthcomp.PrincipalAuthorityComponent
<Def>,CACertificate.AttributeChange.Success,Notice,TRUE,<PRIVACY>,,,,,"<UNCLASSIFIED>
CA証明書の属性情報変更開始と同じ時間",,,,,,,,jp.co.fujixerox.spider.runtime.pauthcomp.PrincipalAuthorityComponent
<Def>,CACertificate.AttributeChange.Failure,Warning,TRUE,<privacy>,,,,,"<UNCLASSIFIED>
CA証明書の属性情報変更開始と同じ時間",,,,,,,,jp.co.fujixerox.spider.runtime.pauthcomp.PrincipalAuthorityComponent
<Def>,UserCertificate.Add.Start,Warning,TRUE,<privacy>,"<INTERNAL>
証明書を追加された人
","<PRIVACY>
証明書の追加要求された人のユーザ管理番号",,,"<UNCLASSIFIED>
追加開始時間",,,,,,,,jp.co.fujixerox.spider.runtime.pauthcomp.PrincipalAuthorityComponent
<Def>,UserCertificate.Add.Success,Warning,TRUE,<PRIVACY>,"<INTERNAL>
証明書を追加された人
","<PRIVACY>
証明書の追加要求された人のユーザ管理番号","<privacy>
ユーザ名（表示用の名称)
(設定されていない場合は空文字を出力する)","<UNCLASSIFIED>
ユーザが所属するクラス","<UNCLASSIFIED>
個人証明書の追加開始と同じ時間",,"<PRIVACY>
証明書のissuer, serialNumber","<PRIVACY>
証明書のsubjest(,subjestがなければ、subjectAltName）","<PRIVACY>
秘密鍵のある・なし",,,,jp.co.fujixerox.spider.runtime.pauthcomp.PrincipalAuthorityComponent
<Def>,UserCertificate.Add.Failure,Warning,TRUE,<privacy>,"<INTERNAL>
証明書を追加されそうになった人","<PRIVACY>
証明書の追加要求された人のユーザ管理番号",,,"<UNCLASSIFIED>
個人証明書の追加開始と同じ時間","<UNCLASSIFIED>
失敗理由
アクセス権なしなど","<privacy>
証明書のissuer, serialNumber
(証明書が不正で情報が取り出せない場合は空文字)","<privacy>
証明書のsubjest(,subjestがなければ、subjectAltName）
(証明書が不正で情報が取り出せない場合は空文字)","<privacy>
秘密鍵のある・なし
(証明書が不正で情報が取り出せない場合は空文字)",,,,jp.co.fujixerox.spider.runtime.pauthcomp.PrincipalAuthorityComponent
<Def>,UserCertificate.Add.Complete,Warning,TRUE,<privacy>,"<INTERNAL>
証明書を追加された人
","<PRIVACY>
証明書の追加要求された人のユーザ管理番号",,,"<UNCLASSIFIED>
個人証明書の追加開始と同じ時間",,,,,,,,jp.co.fujixerox.spider.runtime.pauthcomp.PrincipalAuthorityComponent
<Def>,UserCertificate.Delete.Success,Warning,TRUE,<PRIVACY>,"<INTERNAL>
証明書が削除された人","<PRIVACY>
証明書が削除された人のユーザ管理番号","<privacy>
ユーザ名（表示用の名称)
(設定されていない場合は空文字を出力する)","<UNCLASSIFIED>
ユーザが所属するクラス",,,"<PRIVACY>
証明書のissuer, serialNumber","<PRIVACY>
証明書のsubjest(,subjestがなければ、subjectAltName）","<PRIVACY>
秘密鍵のある・なし",,,,jp.co.fujixerox.spider.runtime.pauthcomp.PrincipalAuthorityComponent
<Def>,UserCertificate.Delete.Failure,Critical,TRUE,<privacy>,"<INTERNAL>
証明書が削除されそうになった人","<PRIVACY>
証明書が削除されそうになった人のユーザ管理番号",,,,"<UNCLASSIFIED>
失敗理由
アクセス権なしなど",,,,,,,jp.co.fujixerox.spider.runtime.pauthcomp.PrincipalAuthorityComponent
<Def>,ContactInfoCertificate.Add.Start,Warning,TRUE,<privacy>,"<internal>
宛先表エントリ(コンタクト情報）のオーナ
(特定できない場合には空文字を出力)","<PRIVACY>
宛先管理番号
",,,"<UNCLASSIFIED>
追加開始時間",,,,,,,,jp.co.fujixerox.spider.runtime.pauthcomp.PrincipalAuthorityComponent
<Def>,ContactInfoCertificate.Add.Success,Warning,TRUE,<PRIVACY>,"<INTERNAL>
宛先表エントリ(コンタクト情報）のオーナ","<PRIVACY>
宛先管理番号","<privacy>
宛先名
(設定されていない場合は空文字を出力)",,"<UNCLASSIFIED>
「宛先表エントリ(コンタクト情報)への証明書の追加開始」と同じ時間",,"<PRIVACY>
証明書のissuer, serialNumber","<PRIVACY>
証明書のsubjest(,subjestがなければ、subjectAltName）",,,,,jp.co.fujixerox.spider.runtime.pauthcomp.PrincipalAuthorityComponent
<Def>,ContactInfoCertificate.Add.Failure,Warning,TRUE,<privacy>,"<internal>
宛先表エントリ(コンタクト情報）のオーナ
(特定できない場合には空文字を出力)","<PRIVACY>
宛先管理番号",,,"<UNCLASSIFIED>
「宛先表エントリ(コンタクト情報)への証明書の追加開始」と同じ時間","<UNCLASSIFIED>
失敗理由
アクセス権なしなど","<privacy>
証明書のissuer, serialNumber
(データ不正などで、情報が取り出せない場合は空文字を出力)","<privacy>
証明書のsubjest(,subjestがなければ、subjectAltName）
(データ不正などで、情報が取り出せない場合は空文字を出力)",,,,,jp.co.fujixerox.spider.runtime.pauthcomp.PrincipalAuthorityComponent
<Def>,ContactInfoCertificate.Add.Complete,Warning,TRUE,<privacy>,"<internal>
宛先表エントリ(コンタクト情報）のオーナ
(特定できない場合には空文字を出力)","<PRIVACY>
宛先管理番号",,,"<UNCLASSIFIED>
「宛先表エントリ(コンタクト情報)への証明書の追加開始」と同じ時間",,,,,,,,jp.co.fujixerox.spider.runtime.pauthcomp.PrincipalAuthorityComponent
<Def>,ContactInfoCertificate.Delete.Success,Warning,TRUE,<PRIVACY>,"<INTERNAL>
宛先表エントリ(コンタクト情報）のオーナ","<PRIVACY>
宛先管理番号","<privacy>
宛先名
(設定されていない場合は空文字を出力)",,,,"<PRIVACY>
証明書のissuer, serialNumber","<PRIVACY>
証明書のsubjest(,subjestがなければ、subjectAltName）",,,,,jp.co.fujixerox.spider.runtime.pauthcomp.PrincipalAuthorityComponent
<Def>,ContactInfoCertificate.Delete.Failure,Critical,TRUE,<privacy>,"<internal>
宛先表エントリ(コンタクト情報）のオーナ
(特定できない場合には空文字を出力)","<PRIVACY>
宛先管理番号",,,,"<UNCLASSIFIED>
失敗理由
アクセス権なしなど",,,,,,,jp.co.fujixerox.spider.runtime.pauthcomp.PrincipalAuthorityComponent
<Def>,CRL.ManualImport.Success,Warning,TRUE,<PRIVACY>,,"<UNCLASSIFIED>
CRLのissuerとCRL Number",,,,,"<unclassified>
CRLに記述されたCRLの発行分配点名(DistributionPointName)
（無い場合は空文字列)",,,,,,jp.co.fujixerox.spider.runtime.pauthcomp.PrincipalAuthorityComponent
<Def>,CRL.ManualImport.Failure,Warning,TRUE,<privacy>,,"<UNCLASSIFIED>
CRLのissuerとCRL Number",,,,"<UNCLASSIFIED>
失敗理由","<unclassified>
CRLに記述されたCRLの発行分配点名(DistributionPointName)
（無い場合は空文字列)",,,,,,jp.co.fujixerox.spider.runtime.pauthcomp.PrincipalAuthorityComponent
<Def>,CRL.AutoFetch.Success,Warning,TRUE,,,"<UNCLASSIFIED>
CRLのissuerとCRL Number",,,,,"<UNCLASSIFIED>
CRLに記述されたCRLの発行分配点名(DistributionPointName)",,,,,,jp.co.fujixerox.spider.runtime.pauthcomp.PrincipalAuthorityComponent
<Def>,CRL.AutoFetch.Failure,Warning,TRUE,,,"<unclassified>
CRLのissuerとCRL Number
（CRLの取得が失敗したケースで情報が得られない場合は空文字を出力する）",,,,"<UNCLASSIFIED>
失敗理由","<UNCLASSIFIED>
CRLに記述されたCRLの発行分配点名(DistributionPointName)",,,,,,jp.co.fujixerox.spider.runtime.pauthcomp.PrincipalAuthorityComponent
<Def>,CRL.Delete.Success,Warning,TRUE,<PRIVACY>,,"<UNCLASSIFIED>
CRLのissuerとCRL Number",,,,,"<unclassified>
CRLに記述されたCRLの発行分配点名(DistributionPointName)
（無い場合は空文字列)",,,,,,jp.co.fujixerox.spider.runtime.pauthcomp.PrincipalAuthorityComponent
<Def>,CRL.Delete.Failure,Warning,TRUE,<privacy>,,"<unclassified>
CRLのissuerとCRL Number
(CRLが削除済みなどのケースで情報が取り出せない場合は空文字を出力する)",,,,"<UNCLASSIFIED>
失敗理由","<unclassified>
CRLに記述されたCRLの発行分配点名(DistributionPointName)
（無い場合や情報が取り出せない場合は空文字)",,,,,,jp.co.fujixerox.spider.runtime.pauthcomp.PrincipalAuthorityComponent
<Def>,CRL.AutoDelete.Success,Warning,TRUE,,,"<UNCLASSIFIED>
CRLのissuerとCRL Number",,,,,"<unclassified>
CRLに記述されたCRLの発行分配点名(DistributionPointName)
（無い場合は空文字列)",,,,,,jp.co.fujixerox.spider.runtime.pauthcomp.PrincipalAuthorityComponent
<Def>,CRL.AutoDelete.Failure,Warning,TRUE,,,"<unclassified>
CRLのissuerとCRL Number
(CRLが削除済みなどのケースで情報が取り出せない場合は空文字を出力する)",,,,"<UNCLASSIFIED>
失敗理由","<unclassified>
CRLに記述されたCRLの発行分配点名(DistributionPointName)
（無い場合や情報が取り出せない場合は空文字)",,,,,,jp.co.fujixerox.spider.runtime.pauthcomp.PrincipalAuthorityComponent
<Def>,OCSP.Communication.Failure,Warning,"FALSE
",,,"<UNCLASSIFIED>
証明書のissuerとserialNumber
","<UNCLASSIFIED>
証明書のsubject
(なければ、subjectAltName)",,,"<UNCLASSIFIED>
失敗理由","<UNCLASSIFIED>
OCSPレスポンだのURL",,,,,,jp.co.fujixerox.spider.runtime.pauthcomp.PrincipalAuthorityComponent
<Def>,Cryptograph.PrivateKeyPassword.Success,Critical,TRUE,<PRIVACY>,"<INTERNAL>
利用する秘密鍵のオーナ","<PRIVACY>
証明書のissuerとserialNumber","<PRIVACY>
証明書のsubject
(なければ、subjectAltName)",,,,,,,,,,jp.co.fujixerox.spider.runtime.pauthcomp.PrincipalAuthorityComponent
<Def>,Cryptograph.PrivateKeyPassword.Failure,Critical,TRUE,<privacy>,"<INTERNAL>
利用する秘密鍵のオーナ","<privacy>
証明書のissuerとserialNumber
(証明書が不正で情報が取り出せない場合は空文字)","<privacy>
証明書のsubject
(なければ、subjectAltName)
(証明書が不正で情報が取り出せない場合は空文字)",,,"<PRIVACY>
失敗理由",,,,,,,jp.co.fujixerox.spider.runtime.pauthcomp.PrincipalAuthorityComponent
<Def>,Cryptograph.Sign.Success,Notice,TRUE,<PRIVACY>,"<internal>
利用する秘密鍵のオーナ
(デバイス証明書に対応する秘密鍵を利用した場合は空文字)","<PRIVACY>
証明書のissuerとserialNumber","<PRIVACY>
証明書のsubject
(なければ、subjectAltName)",,,,,,,,,,jp.co.fujixerox.spider.runtime.pauthcomp.PrincipalAuthorityComponent
<Def>,Cryptograph.Sign.Failure,Critical,TRUE,<privacy>,"<internal>
利用する秘密鍵のオーナ
(デバイス証明書に対応する秘密鍵を利用した場合は空文字)","<privacy>
証明書のissuerとserialNumber
(証明書が不正で情報が取り出せない場合は空文字)","<privacy>
証明書のsubject
(なければ、subjectAltName)
(証明書が不正で情報が取り出せない場合は空文字)",,,"<PRIVACY>
失敗理由",,,,,,,jp.co.fujixerox.spider.runtime.pauthcomp.PrincipalAuthorityComponent
<Def>,Cryptograph.DecryptByPrivateKey.Success,Notice,TRUE,<PRIVACY>,"<internal>
利用する秘密鍵のオーナ
(デバイス証明書に対応する秘密鍵を利用した場合は空文字)","<PRIVACY>
証明書のissuerとserialNumber","<PRIVACY>
証明書のsubject
(なければ、subjectAltName)",,,,,,,,,,jp.co.fujixerox.spider.runtime.pauthcomp.PrincipalAuthorityComponent
<Def>,Cryptograph.DecryptByPrivateKey.Failure,Critical,TRUE,<privacy>,"<internal>
利用する秘密鍵のオーナ
(デバイス証明書に対応する秘密鍵を利用した場合は空文字)","<privacy>
証明書のissuerとserialNumber
(証明書が不正で情報が取り出せない場合は空文字)","<privacy>
証明書のsubject
(なければ、subjectAltName)
(証明書が不正で情報が取り出せない場合は空文字)",,,"<PRIVACY>
失敗理由",,,,,,,jp.co.fujixerox.spider.runtime.pauthcomp.PrincipalAuthorityComponent
<Def>,Cryptograph.SMIMESign.Success,Notice,TRUE,<PRIVACY>,"<INTERNAL>
ジョブのオーナ","<UNCLASSIFIED>
JobID",,,,,,,,,,,jp.co.fujixerox.spider.util.deliverycomp.DeliveryUtilityComponent
<Def>,Cryptograph.SMIMESign.Failure,Critical,TRUE,<PRIVACY>,"<INTERNAL>
ジョブのオーナ","<UNCLASSIFIED>
JobID",,,,,,,,,,,jp.co.fujixerox.spider.util.deliverycomp.DeliveryUtilityComponent
<Def>,Cryptograph.SMIMEEncrypt.Success,Notice,TRUE,<PRIVACY>,"<INTERNAL>
ジョブのオーナ","<UNCLASSIFIED>
JobID",,,,,"<PRIVACY>
暗号モード
(暗号方式や、鍵長)",,,,,,jp.co.fujixerox.spider.util.deliverycomp.DeliveryUtilityComponent
<Def>,Cryptograph.SMIMEEncrypt.Failure,Critical,TRUE,<PRIVACY>,"<INTERNAL>
ジョブのオーナ","<UNCLASSIFIED>
JobID",,,,,"<PRIVACY>
暗号モード
(暗号方式や、鍵長)",,,,,,jp.co.fujixerox.spider.util.deliverycomp.DeliveryUtilityComponent
<Def>,Cryptograph.DocumentSign.Success,Notice,TRUE,<PRIVACY>,"<INTERNAL>
ドキュメントの作成者","<UNCLASSIFIED>
DocumentID",,"<UNCLASSIFIED>
DocumentType
（PDF,DocuWorksなど)",,,,,,,,,jp.co.fujixerox.spider.runtime.ipcomp.ImageProcessingComponent
<Def>,Cryptograph.DocumentSign.Failure,Critical,TRUE,<PRIVACY>,"<INTERNAL>
ドキュメントの作成者","<UNCLASSIFIED>
DocumentID",,"<UNCLASSIFIED>
DocumentType
（PDF,DocuWorksなど)",,"<PRIVACY>
失敗理由",,,,,,,jp.co.fujixerox.spider.runtime.ipcomp.ImageProcessingComponent
<Def>,Cryptograph.DocumentEncrypt.Success,Notice,TRUE,<PRIVACY>,"<INTERNAL>
ドキュメントの作成者","<UNCLASSIFIED>
DocumentID",,"<UNCLASSIFIED>
DocumentType
（PDF,DocuWorksなど)",,,"<privacy>
セキュリティー設定
(設定がない場合は空文字)",,,,,,jp.co.fujixerox.spider.runtime.ipcomp.ImageProcessingComponent
<Def>,Cryptograph.DocumentEncrypt.Failure,Critical,TRUE,<PRIVACY>,"<INTERNAL>
ドキュメントの作成者","<UNCLASSIFIED>
DocumentID",,"<UNCLASSIFIED>
DocumentType
（PDF,DocuWorksなど)",,"<PRIVACY>
失敗理由","<privacy>
セキュリティー設定
(設定がない場合は空文字)",,,,,,jp.co.fujixerox.spider.runtime.ipcomp.ImageProcessingComponent
<Def>,SSL.ClientConnection.Failure,Critical,TRUE,"<privacy>
(認証時など要求者を特定できない場合には空文字を記録)",,,,,,,"<PRIVACY>
アクセス先のURI",,,,,,jp.co.fujixerox.spider.infra.audit.AuditLogDaemon
<Def>,SSL.ServerConnection.Failure,Critical,TRUE,,,,,,,,"<PRIVACY>
アクセス元のデバイス名やIPアドレス等",,,,,,jp.co.fujixerox.spider.infra.audit.AuditLogDaemon
<Def>,IPSecConnection.Failure,Critical,TRUE,,,,,,,,"<PRIVACY>
通信先のIPアドレス?",,,,,,jp.co.fujixerox.spider.infra.audit.AuditLogDaemon
<Def>,SystemData.Change.Success,Notice,TRUE,<PRIVACY>,,"<PRIVACY>
System Dataの識別情報",,,,,"<PRIVACY>
変更後の値",,,,,,"jp.co.fujixerox.spider.runtime.sdcomp.SystemDataManagerComponent
jp.co.fujixerox.spider.runtime.pauthcomp.PrincipalAuthorityComponent"
<Def>,SystemData.Change.Failure,Warning,TRUE,<privacy>,,"<PRIVACY>
System Dataの識別情報",,,,"<PRIVACY>
失敗理由","<PRIVACY>
変更要求された値",,,,,,"jp.co.fujixerox.spider.runtime.sdcomp.SystemDataManagerComponent
jp.co.fujixerox.spider.runtime.pauthcomp.PrincipalAuthorityComponent"
<Def>,SystemData.Add.Success,Notice,TRUE,<PRIVACY>,,"<PRIVACY>
System Dataの識別情報",,,,,"<PRIVACY>
追加された値",,,,,,"jp.co.fujixerox.spider.runtime.sdcomp.SystemDataManagerComponent
jp.co.fujixerox.spider.runtime.pauthcomp.PrincipalAuthorityComponent"
<Def>,SystemData.Add.Failure,Warning,TRUE,<privacy>,,"<PRIVACY>
System Dataの識別情報",,,,"<PRIVACY>
失敗理由","<PRIVACY>
追加要求された値",,,,,,"jp.co.fujixerox.spider.runtime.sdcomp.SystemDataManagerComponent
jp.co.fujixerox.spider.runtime.pauthcomp.PrincipalAuthorityComponent"
<Def>,SystemData.Delete.Success,Notice,TRUE,<PRIVACY>,,"<PRIVACY>
System Dataの識別情報",,,,,,,,,,,"jp.co.fujixerox.spider.runtime.sdcomp.SystemDataManagerComponent
jp.co.fujixerox.spider.runtime.pauthcomp.PrincipalAuthorityComponent"
<Def>,SystemData.Delete.Failure,Warning,TRUE,<privacy>,,"<PRIVACY>
System Dataの識別情報",,,,"<PRIVACY>
失敗理由",,,,,,,"jp.co.fujixerox.spider.runtime.sdcomp.SystemDataManagerComponent
jp.co.fujixerox.spider.runtime.pauthcomp.PrincipalAuthorityComponent"
<Def>,SystemData.Modify.Start,Notice,TRUE,<privacy>,,,,,"<UNCLASSIFIED>
変更要求開始時間",,,,,,,,"jp.co.fujixerox.spider.runtime.sdcomp.SystemDataManagerComponent
jp.co.fujixerox.spider.runtime.pauthcomp.PrincipalAuthorityComponent"
<Def>,SystemData.Modify.DestinationInfo,Notice,TRUE,<privacy>,,"<PRIVACY>
System Dataの変更先情報",,,"<UNCLASSIFIED>
「システムデータの変更要求開始」と同じ時間",,,,,,,,jp.co.fujixerox.spider.runtime.pauthcomp.PrincipalAuthorityComponent
<Def>,SystemData.Change.Accept,Notice,TRUE,<PRIVACY>,,"<PRIVACY>
System Dataの識別情報",,,"<UNCLASSIFIED>
「システムデータの変更要求開始」と同じ時間",,"<PRIVACY>
変更要求された値",,,,,,"jp.co.fujixerox.spider.runtime.sdcomp.SystemDataManagerComponent
jp.co.fujixerox.spider.runtime.pauthcomp.PrincipalAuthorityComponent"
<Def>,SystemData.Change.Reject,Warning,TRUE,<privacy>,,"<PRIVACY>
System Dataの識別情報",,,"<UNCLASSIFIED>
「システムデータの変更要求開始」と同じ時間","<PRIVACY>
拒否理由","<PRIVACY>
変更要求された値",,,,,,"jp.co.fujixerox.spider.runtime.sdcomp.SystemDataManagerComponent
jp.co.fujixerox.spider.runtime.pauthcomp.PrincipalAuthorityComponent"
<Def>,SystemData.Add.Accept,Notice,TRUE,<PRIVACY>,,"<PRIVACY>
System Dataの識別情報",,,"<UNCLASSIFIED>
「システムデータの変更要求開始」と同じ時間",,"<PRIVACY>
追加要求された値",,,,,,"jp.co.fujixerox.spider.runtime.sdcomp.SystemDataManagerComponent
jp.co.fujixerox.spider.runtime.pauthcomp.PrincipalAuthorityComponent"
<Def>,SystemData.Add.Reject,Warning,TRUE,<privacy>,,"<PRIVACY>
System Dataの識別情報",,,"<UNCLASSIFIED>
「システムデータの変更要求開始」と同じ時間","<PRIVACY>
拒否理由","<privacy>
追加要求された値
（デバイス証明書の利用目的名やCA証明書の信頼目的名は空文字がありえる）",,,,,,"jp.co.fujixerox.spider.runtime.sdcomp.SystemDataManagerComponent
jp.co.fujixerox.spider.runtime.pauthcomp.PrincipalAuthorityComponent"
<Def>,SystemData.Delete.Accept,Notice,TRUE,<PRIVACY>,,"<PRIVACY>
System Dataの識別情報",,,"<UNCLASSIFIED>
「システムデータの変更要求開始」と同じ時間",,,,,,,,"jp.co.fujixerox.spider.runtime.sdcomp.SystemDataManagerComponent
jp.co.fujixerox.spider.runtime.pauthcomp.PrincipalAuthorityComponent"
<Def>,SystemData.Delete.Reject,Warning,TRUE,<privacy>,,"<PRIVACY>
System Dataの識別情報",,,"<UNCLASSIFIED>
「システムデータの変更要求開始」と同じ時間","<PRIVACY>
拒否理由",,,,,,,"jp.co.fujixerox.spider.runtime.sdcomp.SystemDataManagerComponent
jp.co.fujixerox.spider.runtime.pauthcomp.PrincipalAuthorityComponent"
<Def>,SystemData.Modify.Success,Notice,TRUE,<PRIVACY>,,,,,"<UNCLASSIFIED>
「システムデータの変更要求開始」と同じ時間",,,,,,,,"jp.co.fujixerox.spider.runtime.sdcomp.SystemDataManagerComponent
jp.co.fujixerox.spider.runtime.pauthcomp.PrincipalAuthorityComponent"
<Def>,SystemData.Modify.Failure,Warning,TRUE,<privacy>,,,,,"<UNCLASSIFIED>
「システムデータの変更要求開始」と同じ時間","<PRIVACY>
失敗理由",,,,,,,"jp.co.fujixerox.spider.runtime.sdcomp.SystemDataManagerComponent
jp.co.fujixerox.spider.runtime.pauthcomp.PrincipalAuthorityComponent"
<Def>,SerialNumber.Initialize ,Notice,TRUE,<PRIVACY>,,,,,,,"<UNCLASSIFIED>
設定された番号",,,,,,jp.co.fujixerox.spicule.app.configuration.SerialNumberSettingPlugin
<Def>,SystemClock.Set.Success,Notice,TRUE,<PRIVACY>,,,,,,,"<UNCLASSIFIED>
<TIME>
変更前の時間","<UNCLASSIFIED>
<TIME>
変更後の時間",,,,,jp.co.fujixerox.spider.runtime.tmcomp.TimerManagerComponent
<Def>,SystemClock.Set.Failure,Critical,TRUE,<PRIVACY>,,,,,,"<PRIVACY>
失敗理由","<UNCLASSIFIED>
<TIME>
変更前の時間
(変更失敗なので、変更されなかった時間)","<UNCLASSIFIED>
<TIME>
変更後の時間
(変更失敗なので、変更要求された時間)",,,,,jp.co.fujixerox.spider.runtime.tmcomp.TimerManagerComponent
<Def>,Account.ResetAllUserCounter.Accept,Warning,TRUE,<PRIVACY>,,"<UNCLASSIFIED>
リセット要求されているカウンタの種類",,,"<UNCLASSIFIED>
要求受付時間",,,,,,,,jp.co.fujixerox.spider.util.accountcomp.AccountUtilityComponent
<Def>,Account.ResetAllUserCounter.Reject,Warning,TRUE,<PRIVACY>,,"<UNCLASSIFIED>
リセット要求されているカウンタの種類",,,,"<UNCLASSIFIED>
失敗理由",,,,,,,jp.co.fujixerox.spider.util.accountcomp.AccountUtilityComponent
<Def>,Account.ResetAllUserCounter.Success,Warning,TRUE,<PRIVACY>,,"<UNCLASSIFIED>
リセット要求されているカウンタの種類",,,"<UNCLASSIFIED>
「集計値／制限値の一括リセット要求受付」と同じ時間",,,,,,,,jp.co.fujixerox.spider.util.accountcomp.AccountUtilityComponent
<Def>,Firmware.Download.Success,Notice,TRUE,<PRIVACY>,,,"<PRIVACY>
ダウンロードしたファームウェアの名称",,,,"<PRIVACY>
サーバのURI",,,,,,jp.co.fujixerox.spicule.app.softwareupdatecomp.SoftWareUpdateApplicationComponent
<Def>,Firmware.Download.Failure,Critical,TRUE,<PRIVACY>,,,"<PRIVACY>
ダウンロードしたファームウェアの名称",,,"<PRIVACY>
失敗理由","<PRIVACY>
サーバのURI",,,,,,jp.co.fujixerox.spicule.app.softwareupdatecomp.SoftWareUpdateApplicationComponent
<Def>,Firmware.Install.Success,Notice,TRUE,<PRIVACY>,,,"<PRIVACY>
インストールしたファームウェアの名称",,,,,,,,,,jp.co.fujixerox.spicule.app.softwareupdatecomp.SoftWareUpdateApplicationComponent
<Def>,Firmware.Install.Failure,Critical,TRUE,<PRIVACY>,,,"<PRIVACY>
インストールしたファームウェアの名称",,,"<PRIVACY>
失敗理由",,,,,,,jp.co.fujixerox.spicule.app.softwareupdatecomp.SoftWareUpdateApplicationComponent
<Def>,Firmware.Recovery.Start,Notice,TRUE,<PRIVACY>,,,"<UNCLASSIFIED>
リカバリデータの情報（例：リカバリデータの作成日時などソフトウェア構成に関する要素を含まないもの）",,,,,,,,,,jp.co.fujixerox.spicule.app.softwarerecovery.SoftwarerecoveryApplicationComponent
<Def>,Firmware.Recovery.Success,Notice,TRUE,<PRIVACY>,,,"<UNCLASSIFIED>
リカバリデータの情報（例：リカバリデータの作成日時などソフトウェア構成に関する要素を含まないもの）",,,,,,,,,,jp.co.fujixerox.spicule.app.softwarerecovery.SoftwarerecoveryApplicationComponent
<Def>,Firmware.Recovery.Failure,Critical,TRUE,<PRIVACY>,,,"<UNCLASSIFIED>
リカバリデータの情報（例：リカバリデータの作成日時などソフトウェア構成に関する要素を含まないもの）",,,"<PRIVACY>
失敗理由",,,,,,,jp.co.fujixerox.spicule.app.softwarerecovery.SoftwarerecoveryApplicationComponent
<Def>,Power.On.SystemStart,Notice,FALSE,,,,,,,,"<UNCLASSIFIED>
ブートモード　(コールドブート、WOLブート、スペシャルブート)",,,,,,jp.co.fujixerox.spider.runtime.bootcomp2.BootManagerComponent
<Def>,Power.On.SystemReady,Notice,FALSE,,,,,,,,,,,,,,jp.co.fujixerox.spider.runtime.bootcomp2.BootManagerComponent
<Def>,Power.Off.Accept,Notice,TRUE,<PRIVACY>,,,,,,,"<UNCLASSIFIED>
要求元の通信プロトコル（Local, http、SNMPなど)","<privacy>
通信元を識別する情報(IPアドレスなど)",,,,,jp.co.fujixerox.spicule.facility.exaaccomp.ExaacComponent
<Def>,Power.Off.Reject,Warning,TRUE,<PRIVACY>,,,,,,"<PRIVACY>
拒否理由","<UNCLASSIFIED>
要求元の通信プロトコル（Local, http、SNMPなど)","<privacy>
通信元を識別する情報(IPアドレスなど)",,,,,jp.co.fujixerox.spicule.facility.exaaccomp.ExaacComponent
<Def>,Power.Off.ConditionDetection,Notice,TRUE,"<PRIVACY>
(常駐ソフトウェアによる検知などの場合は、そのソフトウェアの動作に使用しているチケット。機能仕様書に具体的なチケットを記述する。)",,,,,,,"<UNCLASSIFIED>
検知内容
(「電源監視アプリが、MPFのPING無反応を検知」等を、関知コンポーネント＋検知内容の形式で識別情報を作成し記録する。)",,,,,,jp.co.fujixerox.spicule.app.shutdowncomp.ShutdownSynchronizerComponent
<Def>,Power.Off.Start,Notice,TRUE,"<PRIVACY>
（電源スイッチのOffなど、人物を特定できない場合はSYSTEM_TICKを設定)",,,,,,,"<UNCLASSIFIED>
終了要因　（シャットダウン、リブート、バックアップリストア）",,,,,,jp.co.fujixerox.spider.runtime.bootcomp2.BootManagerComponent
<Def>,Power.Off.Complete,Notice,FALSE,,,,,,,,,,,,,,jp.co.fujixerox.spider.runtime.bootcomp2.BootManagerComponent
<Def>,AuditLog.ChangeRequired.Accept,Critical,TRUE,<PRIVACY>,,"<PRIVACY>
設定された情報の識別情報",,,,,"<PRIVACY>
変更前の値","<PRIVACY>
変更後の値",,,,,jp.co.fujixerox.spider.runtime.amcomp.AuditLogManagerComponent
<Def>,AuditLog.ChangeRequired.Reject,Critical,TRUE,<PRIVACY>,,"<PRIVACY>
設定された情報の識別情報",,,,"<PRIVACY>
拒否理由","<PRIVACY>
変更要求された値",,,,,,jp.co.fujixerox.spider.runtime.amcomp.AuditLogManagerComponent
<Def>,AuditLog.Change.Success,Critical,TRUE,,,"<PRIVACY>
設定された情報の識別情報",,,,,"<PRIVACY>
変更前の値","<PRIVACY>
変更後の値",,,,,jp.co.fujixerox.spider.infra.audit.AuditLogDaemon
<Def>,AuditLog.Change.Failure,Critical,TRUE,,,"<PRIVACY>
設定された情報の識別情報",,,,"<PRIVACY>
失敗理由","<PRIVACY>
変更要求された値",,,,,,jp.co.fujixerox.spider.infra.audit.AuditLogDaemon
<Def>,AuditLog.DeleteRequired.Accept,Critical,TRUE,<PRIVACY>,,,,,,,"<UNCLASSIFIED>
削除要求件数",,,,,,jp.co.fujixerox.spider.runtime.amcomp.AuditLogManagerComponent
<Def>,AuditLog.DeleteRequired.Reject,Critical,TRUE,<PRIVACY>,,,,,,"<UNCLASSIFIED>
拒否理由","<UNCLASSIFIED>
削除要求件数",,,,,,jp.co.fujixerox.spider.runtime.amcomp.AuditLogManagerComponent
<Def>,AuditLog.Delete.Success,Critical,"FALSE
",,,,,,,,"<UNCLASSIFIED>
削除件数","<UNCLASSIFIED>
削除された範囲の始点となる監査ログID(From)","<UNCLASSIFIED>
削除された範囲の終点となる監査ログID(To)",,,,jp.co.fujixerox.spider.infra.audit.AuditLogDaemon
<Def>,AuditLog.Delete.Failure,Critical,"FALSE
",,,,,,,"<UNCLASSIFIED>
失敗理由","<UNCLASSIFIED>
削除要求件数",,,,,,jp.co.fujixerox.spider.infra.audit.AuditLogDaemon
<Def>,AuditLog.Start,Critical,FALSE,,,,,,,,,,,,,,jp.co.fujixerox.spider.infra.audit.AuditLogDaemon
<Def>,AuditLog.Stop,Critical,FALSE,,,,,,,,,,,,,,jp.co.fujixerox.spider.infra.audit.AuditLogDaemon
<Def>,AuditLog.ReadRequired.Accept,Critical,TRUE,<PRIVACY>,,,,,,,"<UNCLASSIFIED>
読み出し要求件数",,,,,,jp.co.fujixerox.spider.runtime.amcomp.AuditLogManagerComponent
<Def>,AuditLog.ReadRequired.Reject,Critical,TRUE,<PRIVACY>,,,,,,"<UNCLASSIFIED>
拒否理由","<UNCLASSIFIED>
読み出し要求件数",,,,,,jp.co.fujixerox.spider.runtime.amcomp.AuditLogManagerComponent
<Def>,AuditLog.Read.Success,Critical,"FALSE
",,,,,,,,"<UNCLASSIFIED>
読み出された件数","<UNCLASSIFIED>
読み出された範囲の始点となる監査ログID(From)","<UNCLASSIFIED>
読み出された範囲の終点となる監査ログID(To)",,,,jp.co.fujixerox.spider.infra.audit.AuditLogDaemon
<Def>,AuditLog.Read.Failure,Critical,"FALSE
",,,,,,,"<UNCLASSIFIED>
失敗理由","<UNCLASSIFIED>
読み出し要求件数","<unclassified>
読み出し範囲の始点として要求された監査ログID(From)
（監査ログIDが取得出来ない場合は空文字）",,,,,jp.co.fujixerox.spider.infra.audit.AuditLogDaemon
<Def>,AuditLog.Read.Complete,Critical,TRUE,<PRIVACY>,,,,,,,"<UNCLASSIFIED>
フィルタリング後の読み出し件数",,,,,,jp.co.fujixerox.spider.runtime.amcomp.AuditLogManagerComponent
<Def>,AuditLog.NotifyNearFull,Critical,FALSE,,,,,,,,,,,,,,jp.co.fujixerox.spider.infra.audit.AuditLogDaemon
<Def>,AuditLog.Full,Critical,FALSE,,,,,,,,,,,,,,jp.co.fujixerox.spider.infra.audit.AuditLogDaemon
<Def>,DebugLog.ReadRequired.Accept ,Notice,TRUE,<PRIVACY>,,,,,,,,,,,,,jp.co.fujixerox.spicule.jail.cwis
<Def>,DebugLog.ReadRequired.Reject ,Critical,TRUE,<PRIVACY>,,,,,,"<PRIVACY>
失敗理由",,,,,,,jp.co.fujixerox.spicule.jail.cwis
<Def>,Backup.Triggered,Notice,TRUE,<PRIVACY>,,,,,,,,,,,,,jp.co.fujixerox.spicule.app.backuprestorecomp.BackupRestoreApplicationComponent
<Def>,Backup.Start,Notice,TRUE,,,,,,,,"<PRIVACY>
データの出力先",,,,,,jp.co.fujixerox.spicule.app.backuprestorecomp.BackupRestoreApplicationComponent
<Def>,Backup.Cancel,Notice,FALSE,,,,,,,,,,,,,,jp.co.fujixerox.spicule.app.backuprestorecomp.BackupRestoreApplicationComponent
<Def>,Backup.Abort,Notice,FALSE,,,,,,,,,,,,,,jp.co.fujixerox.spicule.app.backuprestorecomp.BackupRestoreApplicationComponent
<Def>,Backup.Complete,Notice,FALSE,,,,,,,,,,,,,,jp.co.fujixerox.spicule.app.backuprestorecomp.BackupRestoreApplicationComponent
<Def>,Backup.Data,Critical,FALSE,,,,"<UNCLASSIFIED>
バックアップ対象のデータ名",,,,,,,,,,"jp.co.fujixerox.spider.runtime.pauthcomp.PrincipalAuthorityComponent
jp.co.fujixerox.spider.runtime.sdcomp.SystemDataManagerComponent
jp.co.fujixerox.spider.runtime.tmcomp.TimerManagerComponent
jp.co.fujixerox.spider.runtime.jmcomp.JobManagerComponent
jp.co.fujixerox.spider.runtime.dmcomp.DocumentManagerComponent
jp.co.fujixerox.spider.runtime.rmcomp.RepositoryManagerComponent
jp.co.fujixerox.spider.util.deliverycomp.DeliveryUtilityComponent
jp.co.fujixerox.spicule.facility.authenticationcomp.AuthenticationFacilityComponent"
<Def>,Restore.Triggered,Notice,TRUE,<PRIVACY>,,,,,,,,,,,,,jp.co.fujixerox.spicule.app.backuprestorecomp.BackupRestoreApplicationComponent
<Def>,Restore.Start,Notice,TRUE,,,,,,,,"<PRIVACY>
データ入力元",,,,,,jp.co.fujixerox.spicule.app.backuprestorecomp.BackupRestoreApplicationComponent
<Def>,Restore.Cancel,Notice,FALSE,,,,,,,,,,,,,,jp.co.fujixerox.spicule.app.backuprestorecomp.BackupRestoreApplicationComponent
<Def>,Restore.Abort,Notice,FALSE,,,,,,,,,,,,,,jp.co.fujixerox.spicule.app.backuprestorecomp.BackupRestoreApplicationComponent
<Def>,Restore.Complete,Notice,FALSE,,,,,,,,,,,,,,jp.co.fujixerox.spicule.app.backuprestorecomp.BackupRestoreApplicationComponent
<Def>,Restore.Data,Critical,FALSE,,,,"<UNCLASSIFIED>
リストア対象のデータ名",,,,,,,,,,"jp.co.fujixerox.spider.runtime.pauthcomp.PrincipalAuthorityComponent
jp.co.fujixerox.spider.runtime.sdcomp.SystemDataManagerComponent
jp.co.fujixerox.spider.runtime.tmcomp.TimerManagerComponent
jp.co.fujixerox.spider.runtime.jmcomp.JobManagerComponent
jp.co.fujixerox.spider.runtime.dmcomp.DocumentManagerComponent
jp.co.fujixerox.spider.runtime.rmcomp.RepositoryManagerComponent
jp.co.fujixerox.spider.util.deliverycomp.DeliveryUtilityComponent
jp.co.fujixerox.spicule.facility.authenticationcomp.AuthenticationFacilityComponent"
<Def>,FullSystemBackup.Triggered,Notice,TRUE,<PRIVACY>,,,,,,,"<PRIVACY>
データ入力元",,,,,,jp.co.fujixerox.spicule.app.backuprestorecomp.BackupRestoreApplicationComponent
<Def>,FullSystemRestore.Triggered,Notice,TRUE,<PRIVACY>,,,,,,,"<PRIVACY>
データ出力先",,,,,,jp.co.fujixerox.spicule.app.backuprestorecomp.BackupRestoreApplicationComponent
<Def>,Fault.Occur,Error,FALSE,,,"<UNCLASSIFIED>
FaultID","<UNCLASSIFIED>
Chain番号
(Chain番号、Link番号を規定しないフォルト事象の場合、-1を設定する。)","<UNCLASSIFIED>
Link番号
(Chain番号、Link番号を規定しないフォルト事象の場合、-1を設定する。)",,,"<UNCLASSIFIED>
マシン製造後のプリント枚数(面数)総計
（情報が取得できないコンポーネントは-1を設定する。)","<UNCLASSIFIED>
マシン製造後のスキャン枚数(面数)総計
（情報が取得できないコンポーネントは-1を設定する。)",,,,,"jp.co.fujixerox.spider.afw.afwcomp.ApplicationFrameworkComponent
jp.co.fujixerox.spider.afw.wmcomp.AfwWindowManagerComponent
jp.co.fujixerox.spicule.facility.authenticationcomp.AuthenticationFacilityComponent
jp.co.fujixerox.spider.infra.docstoragecomp.DocumentStorageComponent
jp.co.fujixerox.spider.infra.repo.sysdatacomp.SystemDataStorageComponent
jp.co.fujixerox.spider.runtime.amcomp.AuditLogManagerComponent
jp.co.fujixerox.spider.runtime.bootcomp2.BootManagerComponent
jp.co.fujixerox.spider.runtime.dmcomp.DocumentManagerComponent
jp.co.fujixerox.spider.runtime.fmcomp.FaultManagerComponent
jp.co.fujixerox.spider.runtime.jmcomp.JobManagerComponent
jp.co.fujixerox.spider.runtime.pmcomp2.PowerManagerComponent
jp.co.fujixerox.spider.runtime.pauthcomp.PrincipalAuthorityComponent
jp.co.fujixerox.spider.runtime.rmcomp.RepositoryManagerComponent
jp.co.fujixerox.spider.runtime.sdcomp.SystemDataManagerComponent
jp.co.fujixerox.spider.runtime.tmcomp.TimerManagerComponent
jp.co.fujixerox.spider.util.devicecomp.DeviceUtilityComponent"
<Def>,Fault.Recover,Error,FALSE,,,"<UNCLASSIFIED>
FaultID","<UNCLASSIFIED>
Chain番号
(Chain番号、Link番号を規定しないフォルト事象の場合、-1を設定する。)","<UNCLASSIFIED>
Link番号
(Chain番号、Link番号を規定しないフォルト事象の場合、-1を設定する。)",,,,,,,,,"jp.co.fujixerox.spider.afw.afwcomp.ApplicationFrameworkComponent
jp.co.fujixerox.spider.afw.wmcomp.AfwWindowManagerComponent
jp.co.fujixerox.spicule.facility.authenticationcomp.AuthenticationFacilityComponent
jp.co.fujixerox.spider.infra.docstoragecomp.DocumentStorageComponent
jp.co.fujixerox.spider.infra.repo.sysdatacomp.SystemDataStorageComponent
jp.co.fujixerox.spider.runtime.amcomp.AuditLogManagerComponent
jp.co.fujixerox.spider.runtime.bootcomp2.BootManagerComponent
jp.co.fujixerox.spider.runtime.dmcomp.DocumentManagerComponent
jp.co.fujixerox.spider.runtime.fmcomp.FaultManagerComponent
jp.co.fujixerox.spider.runtime.jmcomp.JobManagerComponent
jp.co.fujixerox.spider.runtime.pmcomp2.PowerManagerComponent
jp.co.fujixerox.spider.runtime.pauthcomp.PrincipalAuthorityComponent
jp.co.fujixerox.spider.runtime.rmcomp.RepositoryManagerComponent
jp.co.fujixerox.spider.runtime.sdcomp.SystemDataManagerComponent
jp.co.fujixerox.spider.runtime.tmcomp.TimerManagerComponent
jp.co.fujixerox.spider.util.devicecomp.DeviceUtilityComponent"
<Def>,FaultHistory.Deleted,Critical,TRUE,<PRIVACY>,,,,,,,,,,,,,jp.co.fujixerox.spider.runtime.amcomp.AuditLogManagerComponent
<Def>,FaultCounter.Reset,Critical,TRUE,<PRIVACY>,,,,,,,,,,,,,jp.co.fujixerox.spider.runtime.amcomp.AuditLogManagerComponent
<Def>,Scan.Start,Information,TRUE,,"<INTERNAL>
ジョブのオーナ","<UNCLASSIFIED>
JobID",,,,,"<UNCLASSIFIED>
SequenceID",,,,,,jp.co.fujixerox.spider.runtime.iitcomp.ScannerComponent
<Def>,Scan.Abort,Information,TRUE,,"<INTERNAL>
ジョブのオーナ","<UNCLASSIFIED>
JobID",,,,,"<UNCLASSIFIED>
SequenceID",,,,,,jp.co.fujixerox.spider.runtime.iitcomp.ScannerComponent
<Def>,Scan.StateChange,Information,TRUE,,"<INTERNAL>
ジョブのオーナ","<UNCLASSIFIED>
JobID",,,,,"<UNCLASSIFIED>
SequenceID","<UNCLASSIFIED>
事象前の状態","<UNCLASSIFIED>
事象後の状態",,,,jp.co.fujixerox.spider.runtime.iitcomp.ScannerComponent
<Def>,Scan.Complete,Information,TRUE,,"<INTERNAL>
ジョブのオーナ","<UNCLASSIFIED>
JobID",,,,,"<UNCLASSIFIED>
SequenceID",,,,,,jp.co.fujixerox.spider.runtime.iitcomp.ScannerComponent
<Def>,Print.Start,Information,TRUE,,"<INTERNAL>
ジョブのオーナ","<UNCLASSIFIED>
JobID",,,,,"<UNCLASSIFIED>
SequenceID",,,,,,jp.co.fujixerox.spider.runtime.iotcomp.PrinterComponent
<Def>,Print.Abort,Information,TRUE,,"<INTERNAL>
ジョブのオーナ","<UNCLASSIFIED>
JobID",,,,,"<UNCLASSIFIED>
SequenceID",,,,,,jp.co.fujixerox.spider.runtime.iotcomp.PrinterComponent
<Def>,Print.StateChange,Information,TRUE,,"<INTERNAL>
ジョブのオーナ","<UNCLASSIFIED>
JobID",,,,,"<UNCLASSIFIED>
SequenceID","<UNCLASSIFIED>
事象前の状態","<UNCLASSIFIED>
事象後の状態",,,,jp.co.fujixerox.spider.runtime.iotcomp.PrinterComponent
<Def>,Print.StartCopyNumberChange,Warning,TRUE,,"<INTERNAL>
ジョブのオーナ","<UNCLASSIFIED>
JobID",,,,,"<UNCLASSIFIED>
SequenceID","<UNCLASSIFIED>
開始部数番号",,,,,jp.co.fujixerox.spider.runtime.iotcomp.PrinterComponent
<Def>,Print.Complete,Information,TRUE,,"<INTERNAL>
ジョブのオーナ","<UNCLASSIFIED>
JobID",,,,,"<UNCLASSIFIED>
SequenceID",,,,,,jp.co.fujixerox.spider.runtime.iotcomp.PrinterComponent
<Def>,License.Release.Success,Notice,TRUE,<PRIVACY>,,,"<UNCLASSIFIED>
解除されたライセンスの名称",,,,,,,,,,jp.co.fujixerox.spicule.app.licensecomp.LicenseApplicationComponent
<Def>,License.Release.Failure,Critical,TRUE,<PRIVACY>,,,"<UNCLASSIFIED>
解除に失敗したライセンスの名称",,,"<UNCLASSIFIED>
失敗理由",,,,,,,jp.co.fujixerox.spicule.app.licensecomp.LicenseApplicationComponent
<Def>,License.Install.Success,Notice,TRUE,<PRIVACY>,,,"<UNCLASSIFIED>
導入されたライセンスの名称",,,,,,,,,,jp.co.fujixerox.spicule.app.licensecomp.LicenseApplicationComponent
<Def>,License.Install.Failure,Critical,TRUE,<PRIVACY>,,,"<UNCLASSIFIED>
導入に失敗したライセンスの名称",,,"<UNCLASSIFIED>
失敗理由",,,,,,,jp.co.fujixerox.spicule.app.licensecomp.LicenseApplicationComponent
<Def>,License.Activation.Success,Notice,TRUE,<PRIVACY>,,,"<UNCLASSIFIED>
認証されたライセンスの名称",,,,,,,,,,jp.co.fujixerox.spicule.app.licensecomp.LicenseApplicationComponent
<Def>,License.Activation.Failure,Critical,TRUE,<PRIVACY>,,,"<UNCLASSIFIED>
認証に失敗したライセンスの名称",,,"<UNCLASSIFIED>
失敗理由",,,,,,,jp.co.fujixerox.spicule.app.licensecomp.LicenseApplicationComponent
<Def>,License.Mode.Changed,Critical,TRUE,<PRIVACY>,,,"<UNCLASSIFIED>
状態が変更されたライセンスの名称",,,"<UNCLASSIFIED>
変更後の状態",,,,,,,jp.co.fujixerox.spicule.app.licensecomp.LicenseApplicationComponent
